latitude,longitude,bedrooms,bathrooms,rooms,squareFootage,lotSize,yearBuilt,estimated_value
39.84916,-104.893468,3,2,6,1378,9968,2003,239753
39.88802,-104.83093,2,2,6,1653,6970,2004,343963
39.76171,-105.08107,3,1,0,1882,23875,1917,488840
39.76078,-105.08106,4,3,0,2400,11500,1956,494073
39.616181,-105.058812,3,4,8,2305,5600,1998,513676
39.615136,-105.069018,3,5,7,2051,6045,1996,496062
39.61635,-105.07076,4,4,8,2051,6315,1997,514953
39.615213,-105.070617,3,3,7,2051,8133,1997,494321
39.620158,-105.063094,3,3,7,1796,5038,1999,496079
39.62677,-105.08199,3,3,0,2054,4050,2007,424514
39.61454,-105.07135,3,4,7,2568,6397,2000,721350
39.62874,-105.040126,3,2,6,1290,9000,1962,331915
39.630547,-105.100242,3,4,6,1804,6952,1983,389415
39.630738,-105.097718,3,3,6,1804,7439,1983,386694
39.620625,-105.059503,4,5,8,3855,9656,1998,784587
39.629,-105.04233,2,2,4,1297,16600,1962,354031
39.616165,-105.069424,4,4,9,2321,5961,1996,515537
39.614712,-105.069264,4,4,8,2321,6337,1997,544960
39.615488,-105.060173,3,3,7,2321,6151,1998,504791
39.616153,-105.059696,3,3,7,2071,6831,1999,495121
39.616514,-105.060193,3,3,7,2071,6050,1998,495894
39.615144,-105.069803,3,3,7,2074,6022,1996,496281
39.614531,-105.067815,4,4,9,2588,6432,1996,528343
39.625819,-105.099825,3,2,7,1567,6914,1980,349041
39.625826,-105.106423,3,2,5,1317,9580,1983,367754
39.628401,-105.10844,3,3,5,1317,6718,1982,356934
39.625537,-105.099012,2,2,6,808,8568,1980,346001
39.625757,-105.099484,2,1,6,808,6858,1980,342927
39.632457,-105.104752,3,2,6,1321,6000,1978,337969
39.615199,-105.062378,3,4,8,2350,6839,1997,500105
39.627226,-105.107806,2,2,5,1586,6510,1982,353827
39.620548,-105.0586,2,4,6,2613,8250,1998,693035
39.632063,-105.101493,3,2,8,1590,7044,1977,350857
39.619027,-105.057427,3,5,7,2614,9350,1999,716655
39.617727,-105.059123,3,4,7,2107,6491,1998,493156
39.631178,-105.099179,2,1,5,1340,6741,1982,349355
39.62608,-105.10347,3,2,6,1085,6120,1985,348079
39.624558,-105.104316,3,1,6,1085,13500,1981,343957
39.617145,-105.060195,4,3,8,2365,6050,1998,504705
39.631251,-105.036567,3,2,5,1344,9240,1959,311996
39.629025,-105.081998,2,3,5,1601,6660,1986,391469
39.626582,-105.08725,3,2,8,1858,6890,1986,418814
39.61844,-105.0799,2,2,5,1603,5742,1997,502894
39.61844,-105.0799,2,2,5,1603,6168,1997,478049
39.618265,-105.061397,3,3,7,1860,6838,1998,475615
39.616148,-105.069618,3,4,8,2376,5760,1996,521467
39.630389,-105.038707,3,2,5,1355,9600,1960,366187
39.627883,-105.042611,2,2,6,1867,11000,1973,386913
39.615145,-105.069604,3,3,7,2382,5830,1996,527104
39.615881,-105.059085,3,3,6,1872,5500,1999,497239
39.631253,-105.037115,3,1,6,1105,9240,1959,319953
39.63164,-105.09306,3,3,6,1617,6250,1995,385132
39.615763,-105.068328,4,4,8,2386,5830,1997,548067
39.632441,-105.106514,3,2,6,1626,6000,1978,349467
39.630317,-105.107313,4,3,8,1883,8000,1981,385994
39.62102,-105.064383,3,3,7,1884,5191,1998,443028
39.62976,-105.038706,3,2,5,1118,12200,1961,348035
39.628086,-105.03614,3,2,5,1118,11300,1959,378509
39.62623,-105.104133,3,2,6,1118,6500,1981,353234
39.626836,-105.10161,3,2,5,1118,6800,1980,356281
39.616991,-105.059143,3,3,6,1888,6148,1998,495748
39.63007,-105.098819,4,2,6,1890,6600,1981,353391
39.626546,-105.10669,2,2,5,1635,6320,1983,351390
39.626218,-105.106825,3,2,6,1635,6460,1983,350803
39.629189,-105.108407,2,2,5,1635,6500,1982,354760
39.624558,-105.106515,4,2,7,1635,9120,1983,355125
39.628219,-105.108436,4,2,7,1635,6500,1982,355605
39.632566,-105.095517,2,2,5,1892,7100,1979,357373
39.633687,-105.09749,4,2,6,1892,6620,1979,353894
39.61844,-105.0799,2,4,5,1638,4936,1996,483176
39.621818,-105.06412,3,4,7,1897,5880,1998,479489
39.618343,-105.077086,3,3,7,2155,5550,1999,484628
39.618343,-105.077086,2,3,7,2155,4382,1998,491508
39.63007,-105.099032,3,2,7,2159,6600,1981,376285
39.632471,-105.10742,2,2,5,880,6410,1978,325563
39.629976,-105.099657,3,2,6,1649,6770,1981,356593
39.62546,-105.10406,3,2,6,1140,7850,1981,352755
39.625018,-105.100617,3,2,6,1140,6500,1981,352696
39.624564,-105.099651,3,2,5,1140,7800,1980,344736
39.626805,-105.102191,3,1,6,1140,6910,1981,332283
39.615435,-105.069804,3,3,7,1911,6022,1996,537373
39.628993,-105.105872,3,2,5,1402,6500,1982,338012
39.629129,-105.107348,3,2,5,1402,6300,1982,339510
39.625712,-105.105558,4,2,6,1402,6500,1983,341070
39.618343,-105.077086,2,2,6,1658,4810,1999,475961
39.618343,-105.077086,2,2,6,1658,4594,1998,476212
39.618343,-105.077086,2,3,6,1658,5102,1999,486693
39.618108,-105.062069,3,4,7,1914,5101,1998,478615
39.619046,-105.061308,3,4,7,1914,5600,1998,481630
39.616136,-105.067951,3,3,7,2427,6420,1997,519776
39.617823,-105.06084,3,3,6,1664,5491,1999,442875
39.618525,-105.062261,3,3,6,1664,6632,1998,471085
39.620887,-105.064429,3,3,8,2176,5008,1998,486655
39.628382,-105.097379,2,2,4,1921,14165,1982,378710
39.621392,-105.060916,4,4,8,2179,6129,1998,545685
39.620717,-105.062038,4,4,8,2179,6148,1998,517562
39.620211,-105.061114,4,3,8,2180,5300,1998,485209
39.632411,-105.106868,4,2,7,1669,6500,1978,347102
39.6269,-105.08199,3,3,0,1925,4050,2007,417243
39.615145,-105.069409,3,3,6,1925,5835,1996,528179
39.62665,-105.08199,3,3,0,1925,4050,2007,414342
39.62639,-105.082,4,3,0,2445,4050,2007,461230
39.62703,-105.08199,3,3,0,2445,4410,2007,461609
39.618331,-105.073298,4,6,10,5009,20400,1997,1128599
39.630468,-105.042554,3,2,5,1171,9000,1964,374702
39.627151,-105.102028,3,2,6,1172,6800,1981,349196
39.625296,-105.100425,3,2,6,1172,8320,1980,352782
39.626619,-105.101333,3,3,6,1172,7040,1980,350568
39.627205,-105.100023,3,3,6,1172,8000,1980,360593
39.624647,-105.097475,3,3,6,1172,10708,1980,360437
39.627277,-105.038215,3,3,5,1174,9600,1961,327620
39.630588,-105.037256,3,3,5,1174,9000,1959,373201
39.628847,-105.039013,3,3,6,1174,9000,1961,357022
39.61829,-105.070201,5,7,10,4506,27931,2000,1222940
39.617374,-105.067825,4,3,9,3229,11894,1999,721755
39.62968,-105.035151,3,3,5,1182,10400,1960,375527
39.630167,-105.035607,3,2,5,1182,9750,1959,382073
39.628823,-105.035767,3,3,5,1182,13100,1959,350568
39.62818,-105.104877,2,2,4,1441,6480,1983,342119
39.625472,-105.102191,3,3,6,1445,7500,1981,350819
39.625882,-105.10138,3,3,6,1445,6500,1980,350152
39.627093,-105.100494,3,3,6,1445,8470,1980,357988
39.618343,-105.077086,3,3,7,2215,4500,1998,510772
39.615608,-105.06481,4,3,9,2727,6420,1997,535801
39.625016,-105.0999,3,2,6,1453,7982,1980,349996
39.619913,-105.062226,3,3,6,1453,5217,1999,429955
39.634375,-105.105276,3,2,6,1710,6000,1977,348776
39.633447,-105.106745,3,2,6,1710,7561,1977,349621
39.63224,-105.106865,3,2,6,1710,6000,1978,350350
39.634426,-105.097293,3,3,6,1710,6640,1979,348591
39.634389,-105.102098,3,2,10,1710,6000,1977,346838
39.634166,-105.096913,3,2,6,1710,6500,1979,350833
39.631672,-105.104945,3,2,6,1710,9510,1978,356732
39.61454,-105.07135,1,3,5,1966,7353,1998,631731
39.629899,-105.035148,3,3,5,1455,10400,1960,369824
39.618343,-105.077086,2,2,5,1714,4835,1999,471636
39.618343,-105.077086,2,3,7,1714,6605,1998,523327
39.618343,-105.077086,2,3,5,1714,4497,1999,482063
39.631062,-105.106771,3,2,6,1204,6973,1983,360285
39.628697,-105.103525,3,3,5,1205,6910,1983,354619
39.61844,-105.0799,2,3,5,1718,6843,1996,619721
39.62696,-105.086488,2,3,5,1464,6790,1987,377941
39.622527,-105.063398,3,3,6,1978,10492,1998,495550
39.62652,-105.082,4,3,0,2236,4050,2007,453661
39.61844,-105.0799,2,2,5,1730,4699,1997,485689
39.61844,-105.0799,2,3,5,1730,7123,1997,507318
39.634946,-105.101534,3,2,6,1986,6000,1977,355160
39.61454,-105.07135,1,4,5,1987,6050,1999,718635
39.61454,-105.07135,1,4,5,1989,8607,1999,650683
39.631028,-105.107477,4,2,6,1490,6500,1983,351251
39.615189,-105.061504,3,4,7,1746,6000,1997,485805
39.634206,-105.104761,3,2,6,1492,6154,1977,340185
39.618343,-105.077086,2,2,5,1495,4389,1999,452613
39.618343,-105.077086,2,3,5,1495,6336,1999,511283
39.618343,-105.077086,2,3,5,1495,5584,1999,501654
39.631272,-105.040627,3,3,5,1243,9000,1964,377254
39.618343,-105.077086,2,2,7,1757,8443,1999,472736
39.61454,-105.07135,1,4,5,2013,9212,2000,722190
39.618343,-105.077086,2,4,6,2016,4613,1999,496850
39.618614,-105.057666,4,4,9,3040,8250,1997,650195
39.632417,-105.096773,3,2,7,1761,7400,1979,357202
39.632999,-105.097732,4,3,7,1761,6520,1979,358521
39.633229,-105.096409,4,3,8,1761,7400,1979,358295
39.634949,-105.095572,4,2,7,1761,7170,1978,351624
39.626047,-105.100879,2,1,6,2017,6254,1980,354661
39.628755,-105.10544,2,2,4,1250,6500,1983,352567
39.615144,-105.069214,3,4,7,2018,5918,1996,515108
39.627927,-105.105827,3,2,5,996,6500,1983,342334
39.629366,-105.10318,3,1,5,996,6300,1983,353345
39.627658,-105.104756,3,2,5,996,7170,1983,355522
39.62213,-105.063007,2,3,6,1509,5500,1999,496695
39.615495,-105.060831,3,4,7,1766,5491,1998,497017
39.618343,-105.077086,2,2,6,1769,5707,1998,478928
39.618343,-105.077086,2,3,6,1769,4702,1998,487212
39.620449,-105.059684,4,5,8,3817,8250,1998,742340
39.61834,-105.071824,4,5,9,4073,21851,1999,1143014
39.628258,-105.043881,3,1,6,1007,12300,1973,349579
39.617936,-105.058447,4,4,10,3055,13360,1997,601300
39.63084,-105.105838,3,2,6,1520,6500,1981,355119
39.634164,-105.095958,4,3,6,1776,6880,1979,340942
39.632363,-105.095879,2,2,7,1524,7100,1979,357800
39.614539,-105.06803,3,3,7,2292,6824,1997,519744
39.634029,-105.102625,2,2,5,1018,7360,1977,352755
39.633416,-105.096407,3,2,5,1019,6100,1979,350930
39.634948,-105.101308,3,1,6,1019,6500,1977,301080
39.634049,-105.102099,3,1,6,1019,6502,1977,301027
39.633424,-105.101489,3,1,6,1019,6913,1977,299492
39.629424,-105.1044,3,2,6,1276,10100,1983,335384
39.757914,-104.998132,1,1,4,753,2870,1886,1461697
39.723117,-104.979622,2,2,9,1792,7813,1906,592298
39.722664,-104.979487,1,1,4,770,1970,1933,420261
39.718147,-104.982445,3,3,8,1794,2079,1890,482596
39.718671,-104.98294,3,2,6,1283,3970,1890,510830
39.723054,-104.98146,2,2,7,1283,4690,1916,591506
39.743797,-104.978427,2,3,5,2052,2770,1890,683913
39.719056,-104.984158,4,3,9,2308,6250,1889,1010010
39.717652,-104.984138,3,2,7,1287,3447,1896,541874
39.725471,-104.980185,2,2,6,1032,2916,1918,475423
39.723267,-104.978426,2,1,5,1544,3330,1914,519143
39.72357,-104.981466,2,3,8,1292,4690,1906,564923
39.723262,-104.981464,3,2,7,1548,4690,1913,718031
39.742182,-104.980183,3,3,9,1548,6312,1885,621536
39.717954,-104.985879,3,2,5,1804,3065,1890,607157
39.724788,-104.981464,3,2,7,1805,4687,1908,580204
39.720353,-104.986575,4,6,8,1806,6250,1900,505232
39.721381,-104.978406,3,2,8,1806,3629,1911,594462
39.717672,-104.981775,2,1,5,783,3120,1900,428267
39.72143,-104.986577,2,2,5,1039,4262,1907,457279
39.73595,-104.981428,5,6,17,3343,6250,1904,1220757
39.736079,-104.979548,7,5,11,4624,6250,1908,1221867
39.721705,-104.986577,3,3,8,1809,4690,1893,557678
39.719202,-104.985782,4,1,7,1810,2850,1893,492394
39.729602,-104.985241,3,2,8,2066,4687,1911,551679
39.721973,-104.978413,2,2,5,1299,3930,1912,586042
39.726099,-104.979632,3,2,8,1555,3125,1902,533616
39.724882,-104.979095,4,2,8,2067,4687,1891,631581
39.724475,-104.98146,4,2,8,1556,4687,1904,557274
39.718938,-104.984665,4,3,10,3092,4687,1892,841331
39.725089,-104.979099,3,2,6,1557,4687,1906,607673
39.722167,-104.985907,5,3,9,1814,4375,1917,564137
39.725883,-104.979026,3,2,7,1559,1604,1900,412484
39.7196,-104.98191,4,2,7,1815,3525,1912,760527
39.720124,-104.985345,3,4,7,1816,4687,1905,748336
39.717516,-104.979459,2,1,5,1049,3120,1900,469255
39.718507,-104.978851,2,2,5,1306,2325,1898,487739
39.721376,-104.985352,3,3,7,1818,4690,1900,606488
39.730665,-104.981373,6,6,13,5403,10625,1901,1867612
39.720609,-104.982931,3,3,7,1564,3936,1898,597528
39.734443,-104.978394,5,2,11,1564,2775,1888,544664
39.727787,-104.979612,2,4,6,2332,13300,1939,1176553
39.719818,-104.982931,3,2,6,1054,3125,1900,442636
39.71994,-104.979964,3,3,7,1310,3125,1905,543110
39.726172,-104.978408,2,2,6,1310,3790,1891,510019
39.730937,-104.981855,2,2,5,2078,6260,1890,606692
39.735948,-104.980183,4,3,8,2847,6225,1903,1100628
39.719021,-104.982285,3,2,6,1568,4062,1896,574491
39.719655,-104.984669,7,4,11,2336,6250,1893,779944
39.720261,-104.982931,3,1,7,1570,4530,1895,560350
39.743667,-104.980178,4,3,9,2594,3120,1890,916964
39.721747,-104.979074,2,1,4,1060,4690,1906,478888
39.719572,-104.98118,3,2,7,1572,2810,1903,503562
39.720345,-104.983482,3,3,9,2340,3906,1888,717345
39.719139,-104.980664,1,2,4,1061,2340,1894,448557
39.719139,-104.980553,2,2,6,1061,2350,1894,482907
39.71914,-104.980775,2,1,5,1061,2340,1894,368474
39.719138,-104.980439,1,2,4,1061,2340,1894,436907
39.72366,-104.979081,3,2,9,1573,4690,1906,569190
39.720525,-104.982938,3,2,9,1574,3762,1898,568951
39.720778,-104.982866,2,2,7,1574,2461,1898,530553
39.734289,-104.978405,3,2,6,1830,4162,1888,676855
39.722811,-104.984696,3,1,5,807,5620,1937,483095
39.716655,-104.981226,3,3,6,1575,2397,1905,533566
39.717761,-104.980611,4,3,8,2345,4520,1905,539797
39.718873,-104.982949,3,2,7,1578,3470,1900,524975
39.718779,-104.980599,4,3,7,1834,4360,1896,663521
39.716847,-104.981786,2,2,6,1067,3121,1905,525196
39.71691,-104.981134,2,2,5,1067,3121,1905,533293
39.716663,-104.982295,5,3,9,1837,4164,1904,624513
39.720697,-104.982865,3,2,6,1582,2634,1898,526853
39.732862,-104.978996,4,4,13,3118,4950,1906,1051097
39.734393,-104.983211,4,3,12,6191,9380,1895,1420559
39.726089,-104.979103,2,2,6,1584,4687,1906,738431
39.719758,-104.984667,2,1,6,1329,3125,1890,515807
39.72096,-104.986746,7,3,12,2353,3208,1902,720253
39.719822,-104.98059,2,1,5,818,4687,1905,443842
39.720444,-104.98294,3,2,7,1586,3587,1898,550563
39.719111,-104.982286,3,2,6,1586,4062,1903,575473
39.731157,-104.979518,4,4,15,3634,6250,1888,1106918
39.723675,-104.980815,2,2,6,1075,4170,1924,551203
39.718523,-104.981588,3,2,6,1588,2340,1900,554857
39.720516,-104.983483,2,2,5,1077,3906,1911,488183
39.719859,-104.979963,2,2,4,824,4162,1900,487166
39.717537,-104.982284,2,2,4,1080,3123,1895,492425
39.725296,-104.980251,2,3,5,1081,4162,1918,621214
39.722657,-104.98024,2,2,5,1081,4170,1921,561845
39.718184,-104.985492,2,1,5,1081,2210,1896,433256
39.718021,-104.985879,2,1,5,572,3060,1890,332941
39.7339,-104.980345,2,2,5,1852,2050,1906,547089
39.720604,-104.983484,3,2,6,1086,3906,1911,559641
39.723947,-104.980817,3,3,6,1598,4160,1919,746833
39.721986,-104.979646,3,2,7,1087,4000,1916,554954
39.725382,-104.980251,3,1,6,1088,4170,1918,480940
39.722751,-104.979068,1,3,4,1089,4160,1919,546889
39.724986,-104.979099,2,2,7,1345,4687,1901,504389
39.718092,-104.98463,5,4,14,3137,4834,1890,875843
39.721136,-104.985979,3,3,6,3649,4700,1885,881461
39.734357,-104.980178,2,2,7,2114,4687,1902,590642
39.718205,-104.985943,3,2,6,1347,3160,1905,509539
39.71802,-104.981772,2,3,7,1603,3125,1890,557055
39.745451,-104.98018,2,1,5,836,3125,1882,466703
39.718677,-104.981756,2,2,6,1348,4166,1895,545311
39.722661,-104.978282,2,3,6,1604,2074,1929,503105
39.727058,-104.97841,4,4,8,3141,11175,1896,2035261
39.725471,-104.980405,1,1,2,582,1250,1918,273748
39.733865,-104.978378,3,2,8,1606,1800,1901,531357
39.718566,-104.982235,3,2,5,1606,3270,1901,571447
39.735962,-104.979549,5,4,11,2630,4687,1905,780835
39.724647,-104.980242,2,2,8,1095,4375,1927,576554
39.731294,-104.979518,6,4,15,4167,6250,1890,1179123
39.724601,-104.978737,4,2,7,1864,4998,1896,594589
39.719487,-104.982288,5,3,10,2120,4250,1902,625521
39.734238,-104.980188,5,5,15,2376,6250,1891,1256617
39.737976,-104.980222,8,6,18,3913,6250,1896,1178011
39.716921,-104.98229,3,2,10,1866,3123,1890,554805
39.716654,-104.978833,2,2,4,1099,4681,1922,555898
39.718951,-104.981756,2,2,4,1100,3906,1911,568170
39.721154,-104.985192,3,2,5,1612,2660,1900,620800
39.731339,-104.981377,4,4,11,5709,9370,1900,2748105
39.720245,-104.985904,3,2,5,1358,4250,1890,434799
39.722024,-104.986575,3,3,8,1870,3120,1890,519228
39.720691,-104.983483,2,2,5,1103,3906,1910,554991
39.721973,-104.985353,4,3,9,3663,9844,1888,1107418
39.723058,-104.980808,2,1,5,1104,4166,1915,493453
39.722842,-104.979069,2,2,5,1104,4160,1916,559664
39.72376,-104.980253,2,2,5,1104,4160,1911,591592
39.722324,-104.979648,3,2,6,1360,6250,1912,755205
39.720651,-104.984672,3,2,7,1872,3437,1905,619330
39.720059,-104.98467,3,2,6,1618,3906,1901,676995
39.742568,-104.978432,2,4,8,3154,4220,1884,735759
39.718771,-104.981756,3,2,6,1364,4162,1895,558100
39.72023,-104.984671,3,3,6,1620,3906,1900,700601
39.7393,-104.980737,3,3,7,2388,6250,1886,568584
39.723663,-104.980252,3,2,5,1365,4690,1907,568981
39.717815,-104.982282,3,2,7,1365,3123,1900,542520
39.72052,-104.985346,4,3,9,2389,3125,1890,833161
39.734965,-104.979032,3,2,8,1622,2083,1900,528042
39.721712,-104.979645,3,2,6,856,4160,1926,472465
39.734757,-104.982648,4,4,11,2137,6250,1884,761079
39.719974,-104.984669,3,2,6,1626,3906,1900,580501
39.721946,-104.986633,5,4,11,2138,4122,1896,627766
39.721281,-104.984675,2,4,6,1116,4250,1924,686006
39.716952,-104.983422,2,2,5,1372,5850,1921,674298
39.736266,-104.980719,3,3,10,1884,3125,1898,618844
39.721185,-104.983969,2,2,5,1374,4253,1905,510935
39.718834,-104.984665,3,2,9,1887,4687,1910,566712
39.724385,-104.980821,2,2,5,1120,5000,1920,548454
39.717538,-104.983445,3,2,6,1632,4020,1900,578907
39.716841,-104.982292,3,2,6,1632,4164,1904,548068
39.717281,-104.983446,2,2,6,1121,3550,1912,510028
39.718526,-104.981811,3,3,6,1634,2344,1901,636383
39.743932,-104.97839,2,4,5,1890,2770,1900,699112
39.720021,-104.985346,4,3,8,2914,4687,1900,813339
39.720776,-104.983483,2,2,6,1123,3906,1911,563319
39.71699,-104.982291,2,2,6,1380,3123,1890,435459
39.718512,-104.985337,5,4,9,3428,6250,1890,978962
39.716931,-104.984665,3,2,7,1637,3060,1901,576307
39.730883,-104.979516,4,5,12,3175,6250,1906,1479574
39.719571,-104.980958,2,1,5,1128,2810,1901,470582
39.717544,-104.981128,1,3,4,1897,4743,1999,926095
39.717199,-104.983418,2,1,4,874,3570,1912,466355
39.721471,-104.978409,1,3,5,1130,5000,1927,550829
39.742124,-104.978434,6,3,12,3434,4237,1937,773962
39.73157,-104.979519,4,4,10,2411,6250,1909,865199
39.722784,-104.978419,3,1,6,1132,5560,1920,527527
39.719828,-104.98467,2,1,5,878,3125,1890,462670
39.719119,-104.982944,3,2,9,1902,4162,1883,562540
39.718936,-104.984105,5,4,14,2926,4687,1890,928536
39.718732,-104.983471,3,2,6,1391,3750,1890,544376
39.725097,-104.98083,3,2,6,1137,4687,1921,589964
39.71865,-104.983471,3,4,8,1906,3750,1895,688734
39.717525,-104.978819,2,1,4,883,3121,1890,439227
39.719198,-104.981122,2,2,5,1140,4162,1913,557420
39.727822,-104.984511,3,2,6,1396,3112,1896,538179
39.716751,-104.982292,2,2,6,1652,4164,1904,690820
39.725201,-104.98083,2,1,4,885,4687,1906,462884
39.723198,-104.978424,3,2,6,1397,3330,1904,589481
39.729464,-104.981486,4,5,7,3189,9375,1906,1447846
39.718923,-104.981122,2,2,6,1142,4162,1913,577108
39.718738,-104.98112,2,2,6,1142,4162,1913,534484
39.718527,-104.981922,3,3,6,1654,2344,1901,555095
39.734345,-104.981918,5,5,13,3446,6250,1914,1156776
39.717364,-104.983446,2,1,5,890,3560,1912,500228
39.73403,-104.978963,4,2,8,1914,3312,1892,454263
39.71883,-104.98112,2,1,6,1147,4162,1913,516786
39.723558,-104.979079,2,4,5,1148,4690,1906,745143
39.718941,-104.982284,3,2,5,1404,3125,1900,544707
39.719211,-104.982947,3,2,9,1916,4162,1883,604421
39.718525,-104.9817,3,2,7,1916,2344,1901,550998
39.743865,-104.978426,2,1,5,895,2770,1886,385507
39.716979,-104.981135,2,1,4,896,3121,1905,459841
39.723457,-104.979077,2,2,9,1152,4690,1906,621521
39.722846,-104.980242,2,2,6,1152,3960,1913,560662
39.72015,-104.984119,3,1,6,1408,4687,1912,537786
39.717624,-104.983443,3,3,7,1920,3710,1900,571761
39.717648,-104.985884,5,5,8,2176,6120,1890,792470
39.717568,-104.984657,2,3,5,1666,6130,1896,473716
39.729965,-104.979093,10,5,19,3970,6250,1912,1210897
39.71767,-104.984658,2,2,4,644,3060,1928,317559
39.723255,-104.979622,3,2,6,1412,4690,1905,645758
39.724948,-104.978444,3,3,5,1412,4990,1906,641090
39.719609,-104.982931,3,2,8,1924,3600,1895,536252
39.722865,-104.980804,3,2,6,1157,4790,1916,554200
39.721481,-104.98535,2,3,6,1925,4937,1890,680332
39.717987,-104.984632,8,4,15,3207,4884,1890,884488
39.71795,-104.98536,3,3,6,1928,3060,1894,548330
39.733982,-104.978402,4,4,11,2440,4164,1887,727670
39.731434,-104.979518,3,5,9,3976,6250,1891,1612622
39.721794,-104.986575,2,1,4,906,3500,1912,432682
39.719203,-104.982359,4,3,8,2186,3010,1903,516989
39.719903,-104.985904,1,1,4,651,3125,1900,335873
39.723555,-104.978428,3,4,7,1931,5000,1999,840570
39.719748,-104.982934,2,1,5,908,3125,1900,424452
39.718109,-104.985931,4,2,7,1420,3460,1905,409623
39.744272,-104.978425,5,4,9,2700,2775,1890,605173
39.717907,-104.978815,2,1,5,909,3121,1900,477085
39.721673,-104.978411,3,4,6,1165,5000,1922,536602
39.723851,-104.979631,2,4,8,1680,4170,1913,784401
39.717764,-104.985867,5,4,9,2448,4625,1890,582174
39.732972,-104.978996,2,2,8,2193,5070,1886,716517
39.71685,-104.985376,2,1,5,1170,5000,1916,490884
39.729994,-104.98524,5,4,9,2710,6255,1939,922027
39.71682,-104.983453,2,2,6,1687,5850,1885,576391
39.718557,-104.981284,3,2,10,2199,3200,1901,541969
39.722021,-104.984118,5,5,12,2200,5100,1888,971318
39.725299,-104.981468,3,2,6,1433,3910,1904,613504
39.717977,-104.978813,3,4,6,1689,3121,1900,730133
39.720779,-104.985278,3,3,8,2202,3225,1890,662854
39.721291,-104.98535,2,1,5,923,3120,1900,446065
39.717448,-104.981778,3,2,6,1180,4690,1890,531748
39.722137,-104.978415,2,3,9,1180,3930,1911,568113
39.73544,-104.981949,3,2,7,1436,3870,1886,513652
39.721422,-104.985903,5,1,8,1694,3870,1905,643885
39.718163,-104.979964,2,3,8,2206,3870,1901,737439
39.719199,-104.985245,3,3,10,2462,3650,1887,755588
39.733244,-104.980702,3,3,11,2463,4750,1887,787404
39.719535,-104.978464,2,2,4,929,4250,1928,490124
39.718079,-104.979964,3,3,8,1953,3744,1900,599263
39.720278,-104.985346,4,4,10,3233,9375,1900,1140322
39.734482,-104.982646,4,4,9,2466,6250,1879,950793
39.732474,-104.978402,3,2,10,2722,5530,1886,336762
39.719063,-104.985339,4,2,8,2722,6250,1911,957515
39.721253,-104.985901,5,1,8,1700,3810,1905,534923
39.73306,-104.978999,3,2,7,1702,3192,1885,556464
39.723836,-104.97843,3,2,6,1448,4150,1904,600154
39.717513,-104.985884,3,2,8,2472,6250,1890,725753
39.719572,-104.981069,3,1,5,940,2810,1902,506607
39.73313,-104.978996,3,3,6,1452,3192,1900,622652
39.717728,-104.984138,3,2,7,1708,3450,1886,662779
39.740723,-104.979045,4,3,8,2732,4690,1892,726188
39.744409,-104.978424,4,2,6,1197,2770,1902,480305
39.716971,-104.979977,2,1,4,943,3119,1895,503829
39.723583,-104.980814,3,3,6,1200,4170,1916,697785
39.723159,-104.98146,2,2,5,1456,4690,1913,581592
39.742696,-104.980682,3,2,8,1968,3134,1896,601385
39.719514,-104.982911,4,3,7,2736,4380,1890,862537
39.72394,-104.979667,5,3,11,1969,4160,1916,593063
39.716939,-104.985374,2,1,5,946,3310,1892,443166
39.743664,-104.978428,2,1,5,946,2770,1890,399710
39.717875,-104.979453,2,2,7,947,4245,1900,584027
39.721335,-104.983468,2,2,6,949,4687,1924,544129
39.744274,-104.97904,2,2,5,1462,3130,1906,564445
39.732875,-104.980701,9,5,15,4279,6454,1889,1533871
39.722751,-104.980241,2,2,5,1208,4370,1914,694938
39.734684,-104.97903,3,5,10,3000,6250,1886,1072512
39.744,-104.978427,4,4,9,2489,2775,1900,896609
39.721095,-104.984675,2,2,5,954,4250,1924,594583
39.719499,-104.983093,3,3,6,1722,1400,1890,513928
39.72043,-104.983481,3,3,7,1722,3906,1888,717151
39.717214,-104.984661,3,3,7,1978,4599,1896,569915
39.721437,-104.983467,2,2,5,955,4687,1924,582678
39.718155,-104.979369,2,1,4,955,2751,1905,442205
39.721186,-104.984267,2,1,5,955,4250,1924,464948
39.721559,-104.984675,2,2,4,955,4250,1924,559089
39.721652,-104.984674,2,1,5,955,4250,1924,554453
39.73011,-104.981466,7,4,12,4283,5867,1909,1243350
39.724273,-104.980917,2,2,6,956,2947,1932,488665
39.724272,-104.980695,2,2,6,956,2366,1932,506816
39.721926,-104.98412,2,2,5,956,4325,1924,558898
39.717242,-104.98537,3,3,6,1724,5690,1896,565498
39.721373,-104.984675,2,1,5,958,4250,1924,493633
39.721744,-104.984676,2,2,5,958,4250,1924,571829
39.721463,-104.984118,2,1,5,958,4250,1924,552577
39.721544,-104.979074,3,3,5,1470,4690,1906,577555
39.718574,-104.982967,4,4,15,3006,4625,1901,969961
39.721371,-104.984117,2,1,5,959,4250,1924,506968
39.723365,-104.981463,2,2,6,1215,4690,1921,673523
39.717789,-104.986585,5,4,8,3263,6125,1900,916819
39.721188,-104.984675,2,2,5,960,4250,1924,601591
39.721834,-104.984118,2,1,5,960,4250,1924,564036
39.721742,-104.984118,2,2,5,960,4250,1924,558178
39.721931,-104.984676,2,1,5,960,4390,1924,503087
39.71736,-104.978824,2,1,4,1216,3904,1890,485840
39.717552,-104.980614,3,2,7,1728,4551,1905,644647
39.734548,-104.979543,6,4,14,4032,6250,1907,1174114
39.723256,-104.980248,3,4,9,2241,4690,1901,785455
39.722075,-104.979646,2,2,5,962,3910,1916,477215
39.71815,-104.985274,2,2,5,962,1960,1896,411939
39.720552,-104.984672,4,2,8,2242,5625,1890,695213
39.723156,-104.980808,2,1,5,963,4690,1929,480663
39.718121,-104.980773,4,3,7,1988,2414,1901,638574
39.724452,-104.980238,2,2,5,1479,4375,1916,557935
39.719977,-104.986574,2,1,5,968,3125,1888,427932
39.735811,-104.981427,4,5,15,3529,6250,1904,858682
39.718064,-104.979451,2,1,4,970,4248,1905,512836
39.720451,-104.984671,4,2,9,1482,3437,1905,558446
39.7191,-104.983474,4,3,8,1738,4375,1890,643430
39.744188,-104.978426,4,3,10,2506,4160,1900,1064575
39.720144,-104.98467,2,3,6,1996,3906,1920,706236
39.723961,-104.981609,2,2,5,975,2250,1906,525859
39.72455,-104.980241,3,1,7,1232,4375,1924,563841
39.716831,-104.981136,3,3,6,1488,4162,1905,609981
39.717567,-104.984142,4,3,7,2259,4370,1900,852480
39.719062,-104.98668,2,4,9,2259,6250,1900,790723
39.717782,-104.981125,2,1,5,980,4187,1908,435961
39.734083,-104.978402,3,2,8,2260,4162,1887,584798
39.728029,-104.985236,4,4,12,3028,3130,1889,693427
39.745385,-104.980179,4,4,8,2006,3125,1889,786890
39.7221,-104.984676,3,2,8,2006,3787,1910,516075
39.716832,-104.984151,5,2,9,2262,5700,1921,561458
39.734848,-104.981935,4,4,10,3030,4687,1893,1113834
39.722183,-104.986577,4,2,7,1496,3120,1890,486487
39.718145,-104.982228,2,2,7,1498,2014,1890,469941
39.724822,-104.982052,3,3,6,1498,3910,1906,586572
39.718145,-104.982118,2,2,6,1498,2020,1890,521370
39.720258,-104.983483,4,3,8,2266,3906,1882,537480
39.719195,-104.98402,4,4,8,2266,3865,1884,673721
39.719898,-104.98467,4,2,7,1499,3125,1890,537737
39.716824,-104.979979,1,2,5,2267,3994,1895,560032
39.726029,-104.97963,3,2,7,1500,3125,1903,551017
39.719544,-104.985739,3,2,7,1500,1953,1900,514611
39.721695,-104.985905,2,1,5,989,3910,1922,531667
39.720523,-104.985906,4,4,8,1758,3125,1890,550121
39.716691,-104.983454,2,2,6,1760,5850,1890,564508
39.735823,-104.980698,3,3,8,2016,4687,1887,675920
39.730905,-104.980677,6,6,14,4832,7812,1903,1624376
39.723942,-104.980255,2,1,5,994,4160,1939,493347
39.719545,-104.986073,3,3,7,1506,1953,1900,517267
39.719545,-104.98585,3,1,6,1506,1953,1900,462537
39.72813,-104.978428,6,6,11,5603,7160,1893,1634149
39.718925,-104.985338,8,4,16,4068,6250,1890,1169936
39.7303,-104.98158,7,4,11,5092,6633,1908,1700159
39.717311,-104.979973,2,1,5,997,3119,1900,490733
39.723355,-104.979077,2,2,5,998,4690,1906,503131
39.72356,-104.980251,3,2,6,998,4690,1906,477766
39.720453,-104.985905,4,2,8,1766,3125,1890,537300
39.734548,-104.979029,5,8,20,3559,6250,1886,1230098
39.724985,-104.982054,4,5,9,2280,3906,1901,987935
39.73102,-104.979517,6,4,10,4329,6250,1896,1328175
39.718507,-104.978962,2,2,6,1258,2400,1898,517851
39.718832,-104.984105,4,3,11,1770,4687,1886,560255
39.717124,-104.985372,5,1,8,2026,5120,1900,562635
39.736085,-104.980184,5,4,10,2282,6225,1905,783454
39.734965,-104.97918,3,3,7,1771,2080,1900,671104
39.717624,-104.982284,2,2,9,1516,4685,1905,562410
39.72223,-104.978416,3,1,6,1261,4990,1890,546123
39.719025,-104.982944,4,3,9,2285,4162,1895,747490
39.718024,-104.982281,2,1,5,1519,3123,1900,548725
39.717357,-104.982286,3,2,7,1775,3905,1900,706583
39.726853,-104.978409,5,5,15,3567,11220,1904,1637867
39.725304,-104.980832,2,1,5,1264,4687,1896,512375
39.717396,-104.97997,3,2,6,1264,4678,1900,547859
39.719603,-104.981633,5,2,8,2544,6100,1912,826534
39.729829,-104.979094,4,4,7,4337,6250,1891,1296769
39.72709,-104.978027,3,4,8,2803,2505,1900,970837
39.724272,-104.978274,1,1,3,756,2066,1891,349473
39.717818,-104.978815,3,3,6,1269,4681,1896,571983
39.731291,-104.978384,4,4,13,2293,5535,1896,497503
39.720139,-104.981766,2,1,5,1014,4687,1903,483537
39.722965,-104.980806,2,2,6,1270,4170,1915,613562
39.729475,-104.980249,4,4,11,3830,4690,1904,1623465
39.722104,-104.98412,2,1,4,760,3125,1945,384038
39.717935,-104.981771,2,3,5,1272,4690,1895,516432
39.718774,-104.982943,4,3,11,2296,5375,1890,549865
39.718506,-104.97874,2,3,5,1273,2325,1898,540929
39.727787,-104.979141,8,5,13,6649,13300,1911,2093118
39.717969,-104.979452,2,2,5,1275,4248,1900,573853
39.718084,-104.985356,2,2,5,1276,3062,1896,480499
39.737473,-104.981972,2,1,7,2300,3120,1898,568534
39.72376,-104.97963,2,1,4,765,4160,1924,447279
39.717889,-104.984652,4,3,8,2046,4090,1886,555957
39.732386,-105.050194,2,1,4,768,6050,1952,271951
39.724111,-105.04305,2,1,4,768,7010,1953,226112
39.732796,-105.050192,2,1,4,768,6050,1951,273110
39.738871,-105.04785,2,2,5,768,6250,1942,397203
39.731744,-105.047192,2,2,4,768,6250,1954,315421
39.735958,-105.0366,2,1,5,768,6250,1921,356033
39.729008,-105.040231,2,1,4,768,4700,1912,279902
39.728466,-105.030409,2,1,4,768,6260,1951,262416
39.732399,-105.051358,3,1,5,1024,6350,1951,278687
39.732382,-105.001985,3,2,6,1280,7120,1886,472782
39.73257,-104.99972,3,1,6,1280,3740,1890,402703
39.741896,-105.046706,3,2,6,1536,6250,1998,524707
39.742032,-105.046706,2,2,5,1536,6250,1998,523309
39.742312,-105.051789,3,3,6,1792,9000,1951,614152
39.729898,-105.037019,6,2,9,1792,5870,1923,342891
39.728949,-105.038686,2,1,4,769,5870,1927,313083
39.739526,-105.037324,2,1,5,1025,4960,1908,384078
39.730469,-105.039792,2,1,5,1025,6270,1948,294782
39.729337,-105.036498,3,1,5,1025,6840,1952,340425
39.742556,-105.03342,2,2,4,1025,7600,1952,578936
39.722674,-105.046139,3,1,5,1025,6750,1953,254764
39.744302,-105.026441,2,2,4,1025,7500,1930,594717
39.724379,-105.041903,3,1,5,1025,5860,1950,244544
39.733367,-105.049483,2,2,4,1025,12300,1951,340879
39.730304,-105.034804,3,2,5,1281,6250,1949,344296
39.72825,-105.030947,2,1,5,770,6260,1941,276434
39.726938,-105.030408,2,2,5,1026,6240,1940,360461
39.729391,-105.00123,3,1,6,1026,3750,1890,392138
39.73271,-105.04478,2,1,5,1026,6500,1952,310657
39.727936,-104.99671,2,2,6,1282,3120,1884,401463
39.739624,-105.046022,2,2,5,1282,6250,1948,507583
39.734054,-104.999755,4,1,7,1538,7500,1890,488496
39.732661,-105.050193,2,1,4,771,6050,1952,274861
39.731951,-105.049542,2,1,4,771,6350,1953,280617
39.73259,-105.044828,3,1,5,1027,6500,1952,287816
39.736931,-105.044341,2,2,6,1283,6350,1941,506997
39.723253,-105.036984,3,2,6,1539,6020,2001,349465
39.730446,-105.035442,3,2,5,1795,6270,2011,439100
39.732021,-105.04719,2,1,4,772,6250,1954,355532
39.728692,-105.041312,2,1,5,772,6270,1926,345688
39.730449,-105.035887,2,1,4,772,6270,1913,301815
39.728974,-105.043482,2,1,4,1028,6250,1925,376873
39.724241,-105.041903,2,1,4,1028,5860,1950,237150
39.72367,-105.034771,2,1,4,1028,6340,1940,270248
39.728642,-105.001937,4,1,7,1540,3125,1886,388458
39.738653,-105.032736,1,1,3,517,2300,1926,237596
39.732402,-105.036536,2,2,4,773,6240,1954,371136
39.728919,-105.040532,1,1,4,773,3461,1922,259300
39.74126,-105.03423,3,2,5,1029,4410,1961,521460
39.726238,-104.994871,2,2,5,1029,4162,1904,433988
39.736566,-105.001212,3,1,6,1029,3750,1885,365071
39.7303,-105.02606,3,2,6,1029,6250,1945,331078
39.732242,-105.031311,3,1,6,1285,6250,1949,315306
39.738792,-105.001884,3,1,8,1285,3690,1890,358931
39.729384,-105.043483,3,2,5,1285,6270,1955,373851
39.724341,-104.992287,3,2,6,1285,1875,1886,463588
39.733317,-105.048043,2,2,6,774,6250,1953,318477
39.73552,-105.001225,2,1,5,774,5620,1890,346015
39.744729,-105.026443,2,2,4,774,5620,1929,479927
39.731595,-105.040882,2,1,5,1030,6270,1954,307583
39.738304,-105.044343,2,2,6,1286,6300,1939,502608
39.73791,-105.04247,3,2,7,1286,4690,1923,428714
39.73899,-105.001885,2,2,4,1286,4690,1885,483434
39.727546,-105.039139,1,2,3,1542,6260,1910,356404
39.725341,-105.04363,1,2,8,1798,13900,1924,356308
39.728438,-105.040229,3,1,5,775,3260,1921,256177
39.723257,-105.034767,2,2,4,1031,6310,1946,334625
39.734949,-105.01993,3,1,6,1031,5774,1890,357675
39.724385,-105.04305,3,1,6,1031,7010,1952,250279
39.739633,-105.037324,2,2,5,1287,4690,1908,451055
39.730724,-104.997791,3,3,7,1799,3220,1900,532174
39.735443,-105.038456,2,1,4,776,7810,1900,419237
39.737762,-105.050139,2,2,4,776,6250,1922,436119
39.73583,-105.020757,2,1,5,776,4687,1902,258547
39.731405,-105.047832,2,2,6,776,7000,1954,308522
39.722677,-105.024258,2,1,4,776,6000,1940,254789
39.73868,-105.051868,2,2,4,1032,3799,1946,225664
39.729324,-105.001231,2,1,5,1032,3750,1888,369429
39.72453,-105.04657,2,1,4,1544,6640,1953,316487
39.738302,-105.041998,4,3,6,2056,6250,1909,583906
39.723196,-104.993152,3,2,7,2056,4690,1896,568774
39.723551,-104.99236,2,1,5,777,1585,1902,356061
39.726222,-105.00195,1,1,4,777,3140,1890,302189
39.732563,-105.041327,2,2,4,777,6270,1955,306508
39.729813,-105.001933,1,1,4,1289,3130,1890,389946
39.726789,-104.994349,3,1,6,1289,4162,1891,525123
39.728617,-105.038059,3,1,5,1545,7320,1954,365682
39.743759,-105.037302,3,2,8,1545,7810,1942,697310
39.747037,-105.029596,3,4,7,2313,4690,1910,814214
39.725868,-105.042404,1,1,4,522,3360,1927,220456
39.733974,-105.027858,1,1,3,522,4690,1921,253815
39.728697,-105.041953,2,0.5,4,522,6270,1921,257073
39.737212,-105.049011,2,2,4,778,6250,1952,402395
39.737212,-105.049508,2,1,4,778,6250,1952,396031
39.726312,-105.039133,2,1,5,778,6260,1925,289076
39.737075,-105.049509,2,1,4,778,6250,1952,439304
39.728956,-105.041314,3,1,6,1034,6780,1923,298594
39.727433,-105.034272,3,1,5,1034,7130,1953,339668
39.738146,-105.038985,2,1,5,1034,4690,1908,409164
39.733238,-105.034244,2,1,5,1034,7150,1953,214130
39.723031,-105.051227,2,1,5,1290,7500,1953,331331
39.727834,-105.041941,2,1,4,779,5860,1954,294199
39.72368,-105.038072,2,1,4,779,5960,1941,247279
39.727697,-105.04194,2,1,5,779,5860,1954,299199
39.723161,-104.998296,2,2,4,779,2730,1923,358472
39.723408,-105.048874,2,1,4,779,7880,1954,272635
39.733786,-105.034246,3,2,5,1035,7150,1953,311000
39.73296,-105.000573,2,1,5,1035,7510,1895,400092
39.723674,-105.044803,3,2,5,1035,6250,1946,300239
39.74288,-105.050081,2,2,6,1547,5450,1947,371671
39.741758,-105.051265,4,2,10,2315,9000,1885,694450
39.746615,-105.03609,4,3,8,3083,10300,1962,824665
39.736938,-105.049509,2,2,4,780,6250,1952,449872
39.723281,-105.042395,2,1,4,780,5860,1940,243014
39.737486,-105.04901,2,2,4,780,6250,1952,405870
39.72798,-105.02916,2,1,4,780,6750,1949,275490
39.734129,-105.032982,2,1,4,780,6250,1949,316717
39.738027,-105.041322,2,1,4,780,6250,1926,386206
39.736086,-105.050129,3,2,5,1036,6500,1955,401310
39.731598,-105.041323,3,1,5,1036,6270,1954,284055
39.744099,-105.027183,3,3,6,1036,4160,1999,562837
39.723566,-105.046359,3,1,5,1036,12700,1947,318008
39.739485,-105.043674,3,2,6,1292,6250,1936,500266
39.726624,-104.997235,4,2,8,1548,3125,1884,522903
39.743745,-105.051781,3,3,6,2572,11100,1951,625149
39.729175,-104.993691,2,1,5,781,2350,1895,309611
39.73922,-105.001187,2,1,5,1037,3670,1885,367267
39.73394,-105.00246,2,2,5,1293,3750,1890,450708
39.737494,-105.038487,2,1,4,526,4690,1890,266427
39.725405,-105.041318,2,1,5,782,5320,1924,242993
39.731976,-105.033622,3,1,6,1038,6250,1949,316781
39.723784,-105.050061,2,2,5,1038,12600,1952,366134
39.731738,-105.041965,2,1,5,1038,6270,1917,367409
39.747084,-105.036634,3,2,6,1038,4760,1929,575103
39.741682,-105.044361,2,2,5,1038,6250,1941,534918
39.732374,-105.028982,2,2,5,1294,6250,1947,335509
39.737052,-105.002336,2,4,4,1550,1570,2012,503844
39.732728,-104.99972,5,3,8,2062,5610,1890,570615
39.727634,-105.035877,1,1,4,527,3130,1910,230565
39.737241,-105.052382,2,1,4,783,7000,1947,380044
39.723123,-105.023702,2,1,5,783,7156,1922,259089
39.73915,-105.051762,2,1,4,783,7120,1946,376763
39.733687,-105.038977,2,1,6,1295,6250,1955,307675
39.723882,-104.995036,2,2,5,1295,2998,1896,470687
39.728486,-105.001228,2,2,5,1295,5620,1895,377155
39.72291,-104.99548,2,1,5,1295,4375,1895,496991
39.72767,-105.029146,2,1,4,784,6750,1949,276271
39.726934,-105.040224,2,2,4,784,6260,1947,370836
39.726205,-105.034825,2,1,5,784,5090,1925,349095
39.735547,-105.036605,2,1,5,1040,6250,1890,395521
39.726839,-105.038691,2,1,6,1040,7450,1906,317257
39.723975,-104.993765,3,2,6,1040,2677,1926,460614
39.723417,-105.0419,2,1,6,1040,5860,1926,304927
39.729612,-105.034803,2,1,4,1040,6260,1949,300229
39.735768,-105.038451,3,1,6,1040,6250,1900,416485
39.737993,-105.041997,2,2,5,1040,9375,1922,494441
39.724002,-105.043953,3,2,8,1296,6978,2013,375865
39.733202,-105.002456,3,2,6,1552,3120,1908,508252
39.734964,-105.019753,4,2,9,2064,5062,1920,261156
39.733126,-105.001213,2,1,5,785,3750,1885,350762
39.735603,-105.001204,2,1,5,785,3750,1890,344287
39.72458,-104.9997,1,1,8,1041,6586,1893,388213
39.722681,-105.046994,3,1,6,1041,6300,1953,276108
39.734606,-105.027205,3,1,5,1041,6250,1949,309451
39.727121,-104.996711,3,1,6,1297,4027,1889,461412
39.737478,-105.04132,2,4,6,1297,6250,1933,541605
39.723906,-105.035398,3,2,7,1297,8940,1924,330777
39.731672,-105.001928,4,2,7,1553,4380,1890,463315
39.724384,-104.991581,3,3,6,1809,5637,1900,797280
39.724216,-105.036495,2,2,4,786,6020,1942,336615
39.733509,-105.028354,2,1,5,786,6250,1925,342592
39.734198,-105.033679,2,1,5,786,7350,1924,361807
39.726295,-104.9967,4,3,7,1554,3125,1890,534198
39.74273,-105.050583,2,1,5,787,6250,1928,431701
39.727217,-105.030408,2,1,5,787,6230,1928,279957
39.735833,-105.020289,2,1,5,787,6250,1898,286411
39.724614,-105.051272,2,2,4,1043,7100,1954,336468
39.7331,-105.033673,3,2,5,1299,7350,1948,342158
39.732106,-105.025536,2,2,6,5139,12500,1985,758084
39.729175,-104.993602,1,1,5,788,2350,1895,298721
39.729488,-105.03702,3,1,6,1044,5870,1970,371256
39.726987,-105.032865,3,3,5,1300,6250,2007,433341
39.729744,-105.001935,4,2,6,1300,3130,1895,422436
39.73901,-105.051265,3,2,6,1300,7500,1947,430836
39.725283,-105.04305,2,1,4,789,6950,1926,276089
39.739008,-105.04785,2,1,4,789,6250,1942,405212
39.733098,-105.029509,3,2,5,790,6250,1944,286113
39.730924,-105.044256,2,1,5,790,7500,1954,294099
39.726139,-105.036506,2,1,4,790,5950,1941,260486
39.73079,-105.044256,2,1,5,790,7500,1954,294569
39.72762,-105.04086,2,1,5,790,12500,1915,303302
39.7333,-105.045875,2,1,5,1046,6250,1951,285592
39.738029,-105.043669,2,2,5,1046,6250,1940,428294
39.727676,-105.037612,3,2,7,1302,5960,1947,364855
39.728674,-105.034799,3,1,6,1302,7815,1921,341095
39.739747,-105.051263,2,2,6,1302,4690,1901,449242
39.723096,-104.993151,2,2,8,1558,4687,1892,546428
39.737897,-105.04835,3,2,5,1558,6250,1910,509147
39.733869,-105.027859,4,2,8,1814,4690,1889,375558
39.723055,-105.02264,1,1,4,535,4530,1923,237076
39.72503,-104.992367,2,1,5,791,1570,1891,356091
39.725996,-105.035418,2,1,4,791,5950,1924,243376
39.724925,-104.992365,2,1,5,791,3150,1896,344285
39.729177,-104.99338,1,1,5,791,3045,1900,339901
39.724354,-105.036497,2,1,5,1047,6020,1929,278133
39.736792,-105.041992,2,2,5,1047,6250,1948,412770
39.737487,-105.049508,2,2,5,1047,6250,1952,425983
39.74344,-105.03779,2,2,5,1047,4870,1941,496415
39.743577,-105.045486,2,2,5,1303,8000,1949,524141
39.725366,-104.996058,5,2,7,1815,3120,1901,508852
39.743254,-105.048341,5,4,10,4375,9150,1976,878193
39.73534,-105.036478,1,1,3,536,2525,1949,241333
39.727468,-105.042394,2,1,4,792,5880,1949,341223
39.723948,-105.03699,2,1,4,792,5960,1941,260101
39.733307,-105.046763,3,2,6,1048,6250,1950,334352
39.738225,-105.03498,2,2,5,1048,12500,1902,431299
39.742573,-105.036666,2,1,5,1048,5210,1926,490478
39.742345,-105.036668,2,2,5,1048,5210,1926,536951
39.740928,-105.029591,3,1,6,1048,6500,1954,490868
39.74332,-105.03113,2,1,5,1048,5650,1906,490740
39.725247,-105.036994,2,1,6,1048,6020,1941,270695
39.737295,-105.046026,2,2,5,2072,7810,1948,523244
39.726465,-105.041946,1,2,3,537,6260,1941,288464
39.731562,-105.029498,2,1,6,793,6250,1949,279364
39.725135,-105.043629,2,1,5,793,7110,1925,263684
39.72423,-105.038657,2,1,4,793,5960,1941,270863
39.73751,-105.000551,3,2,6,1049,4680,1900,449777
39.72757,-105.02916,3,2,6,1049,6750,1949,333151
39.729759,-105.026671,3,1,5,1049,6250,1922,285842
39.741821,-105.044359,2,2,5,1049,6250,1941,523342
39.729478,-105.044256,3,2,8,1049,9940,1955,349172
39.731949,-105.046648,3,2,6,1049,6250,1951,331936
39.729894,-105.035885,2,1,4,1049,6270,1922,303359
39.73636,-105.002451,2,2,5,1049,3120,1890,390073
39.729488,-104.995568,3,2,5,1305,3120,1896,436102
39.732367,-105.049542,3,1,6,1305,6170,1953,321840
39.735778,-105.039624,2,1,7,794,6250,1932,403514
39.726962,-105.029467,2,2,6,1050,6530,1949,334874
39.743157,-105.038471,2,2,5,1050,6250,1929,512207
39.725072,-105.048246,2,2,6,1050,6640,1953,326498
39.728777,-105.031624,3,3,8,2074,5650,2008,416000
39.737385,-105.046733,5,3,10,2586,11000,1952,560574
39.727437,-105.034021,2,2,4,1051,10700,1952,338147
39.732284,-105.050715,2,2,5,1051,9520,1949,329849
39.723969,-105.041901,2,1,5,1051,5860,1954,248595
39.723602,-105.048875,3,3,6,1307,6390,2005,362363
39.73213,-105.02964,2,1,5,796,6250,1917,289752
39.727522,-105.047257,2,2,4,796,6000,1959,333782
39.7248,-105.04657,2,1,4,796,6640,1953,245063
39.72508,-105.04657,2,1,4,796,6240,1953,250211
39.725866,-105.035418,3,2,6,1052,5950,1921,331300
39.742428,-105.032214,2,3,6,1308,6040,1926,577778
39.732934,-105.050192,4,2,7,1308,6050,1951,327988
39.734157,-104.999066,3,2,6,1308,4320,1886,421952
39.738213,-105.038491,3,2,6,1564,4690,1890,446347
39.730309,-105.030662,1,1,4,797,6250,1924,341440
39.72775,-104.994885,2,1,5,797,3125,1884,351643
39.73243,-105.04479,2,1,5,1053,6500,1952,299748
39.735978,-105.038946,3,1,5,1309,6250,1923,391450
39.723675,-104.997234,5,2,8,1565,6240,1923,507952
39.726568,-105.00195,3,2,9,1821,3137,1880,418333
39.726609,-104.994876,3,3,8,1821,4687,1874,567575
39.742325,-105.049004,3,4,6,1821,5750,1957,715967
39.723695,-105.041901,1,1,4,542,5860,1926,217786
39.72421,-105.0354,2,1,4,542,5960,1921,231160
39.728505,-105.034296,2,1,4,798,10231,1882,305286
39.72842,-105.042396,2,2,5,798,6270,1920,337514
39.727248,-105.047256,2,2,4,798,6000,1959,351900
39.735759,-105.001911,2,1,5,798,4690,1891,341830
39.725371,-105.035909,3,1,6,798,5950,1927,245216
39.73962,-105.051761,2,1,5,1054,7120,1947,396112
39.730056,-105.040236,3,1,5,1054,6270,1957,364399
39.728496,-105.033393,3,1,6,1054,4710,1912,305660
39.729541,-104.999772,3,2,6,1310,3500,1890,400656
39.733646,-105.028355,4,3,7,1310,6250,1948,358719
39.730848,-105.028995,3,2,7,1310,6250,1950,345155
39.723706,-105.052403,3,2,6,1566,7080,1953,326925
39.743554,-105.046717,4,3,7,1822,9750,1949,624079
39.731604,-105.034145,2,1,5,799,9438,1924,293478
39.729643,-105.040874,2,1,4,799,5650,1921,281802
39.738927,-105.036647,2,2,4,1055,6250,1957,481330
39.73867,-105.052877,2,1,5,1055,6250,1940,368342
39.722702,-105.05123,2,2,5,1055,7500,1953,334357
39.734292,-105.002463,1,1,4,1055,3120,1890,334881
39.739761,-105.046021,2,2,5,1055,6250,1941,493343
39.724714,-105.037593,2,1,4,1055,5950,1942,288915
39.735946,-105.000564,3,1,6,1311,3750,1885,442387
39.724165,-105.050621,3,2,5,1311,7070,1952,341032
39.728865,-105.035881,3,2,7,1311,6270,1949,364674
39.728656,-105.031623,2,3,8,1567,5620,1951,452560
39.73973,-105.043177,5,3,10,4639,16100,1890,1183756
39.730764,-105.049483,2,2,4,800,8100,1960,274623
39.72734,-105.035433,2,1,4,800,7830,1921,351388
39.729517,-105.047155,2,2,4,800,8400,1960,340991
39.729949,-105.050153,2,2,4,800,7500,1960,311265
39.730082,-105.047841,2,2,4,800,7500,1960,277919
39.729956,-105.051343,2,2,6,800,7200,1960,342980
39.729753,-105.04784,2,2,4,800,7500,1960,338525
39.739463,-105.051762,2,1,4,800,7120,1946,346787
39.7301,-105.049005,2,2,4,800,8100,1960,309424
39.73223,-105.02602,2,1,5,800,6250,1944,312069
39.736494,-105.043134,3,1,5,800,6250,1921,415858
39.728352,-104.996715,2,1,5,800,3120,1884,382603
39.729593,-105.048328,2,3,4,800,9300,1960,318838
39.726003,-105.037596,2,1,4,1056,5960,1950,335828
39.723167,-104.997232,2,1,4,1056,3120,1894,422795
39.725075,-105.051475,2,1,4,1312,9060,1952,344023
39.73082,-104.99728,4,2,7,1824,4580,1900,442890
39.732249,-105.048994,4,2,6,1824,6350,1969,383044
39.73608,-104.9997,1,1,5,801,3750,1884,345941
39.731989,-105.043496,2,2,4,801,9420,1954,315607
39.736189,-105.045905,3,2,6,1057,5850,2000,400076
39.738037,-105.050636,3,1,6,1057,6250,1953,386480
39.738304,-105.04367,2,2,7,1313,6250,1942,501914
39.742368,-105.045482,3,2,6,1569,9370,1946,597351
39.72996,-104.996093,3,2,7,1569,3120,1890,466963
39.732314,-105.047188,2,2,4,802,7810,1953,305577
39.726754,-105.044803,2,1,4,802,6500,1953,322515
39.72862,-105.02914,2,1,4,802,6750,1949,292667
39.72409,-105.03215,3,1,6,802,6250,1910,313918
39.739349,-105.046022,2,2,6,1058,6250,1941,481348
39.732231,-105.049541,3,2,7,1058,6350,1954,327967
39.727242,-105.045974,2,2,5,1058,6250,1951,347998
39.731717,-105.051888,3,1,6,1314,6350,1951,328637
39.732951,-105.002458,3,2,7,1570,4370,1906,507666
39.728083,-105.000591,4,2,7,1826,3750,1890,483460
39.730668,-105.001931,3,2,7,1826,4380,1890,499750
39.73074,-105.04828,2,2,4,803,9020,1960,320107
39.730299,-105.003232,2,1,5,803,3130,1884,375034
39.727822,-105.045439,2,2,6,803,7100,1953,330440
39.724541,-105.045972,2,1,5,1059,6280,1954,291830
39.739487,-105.046022,2,2,5,1059,6250,1941,425894
39.72434,-104.99264,3,1,7,1059,1875,1886,407072
39.724828,-105.045971,2,2,5,1059,6610,1954,359788
39.725119,-105.045969,3,4,6,1315,6894,1997,464029
39.738789,-105.035476,2,2,5,1315,6250,1925,430811
39.73289,-105.052011,4,2,8,2083,6500,1889,346308
39.726942,-105.036508,2,1,5,804,4340,1928,261628
39.72316,-104.99183,2,1,5,804,3500,1891,357170
39.73908,-105.034255,3,2,6,1060,4690,1923,454340
39.7266,-104.994347,2,1,5,1060,3375,1884,353603
39.743749,-105.048345,2,1,5,1316,10100,1942,520118
39.723348,-105.049467,3,1,6,1316,6200,1952,313430
39.729222,-105.038687,2,1,5,549,5870,1920,256606
39.733363,-105.034963,2,1,4,549,4680,1922,240700
39.732977,-104.99735,2,1,4,805,3520,1890,351541
39.737199,-105.037316,2,1,5,805,6250,1953,240674
39.735684,-105.036604,2,1,4,805,6250,1922,325902
39.736404,-105.036594,3,1,5,805,9370,1926,409043
39.732576,-105.043508,2,1,5,805,6280,1954,302516
39.73963,-105.052378,2,2,5,1061,6250,1951,418474
39.747219,-105.026351,3,4,10,1317,10800,1955,811636
39.743023,-105.050083,3,2,5,1317,5450,1947,517258
39.722828,-104.997842,3,3,8,1573,2620,1890,565002
39.727952,-104.994359,3,3,8,1829,4690,1880,643680
39.737786,-105.040823,4,4,12,2597,9370,1900,577893
39.735915,-105.039622,3,1,5,806,6250,1955,392623
39.739353,-105.049504,2,1,5,806,6250,1925,411548
39.724382,-104.991811,3,1,6,1062,3125,1897,418295
39.738298,-105.037814,3,1,5,1062,6250,1956,379899
39.731444,-105.038072,3,2,5,1062,6250,1946,360694
39.724583,-105.048966,2,1,4,1062,6750,1952,261052
39.731054,-105.048112,2,1,5,1062,3120,1942,267728
39.731419,-105.050197,2,1,6,1062,6050,1952,278899
39.737884,-105.036149,3,1,6,1318,6250,1901,429622
39.739758,-105.042003,4,2,8,1574,6250,1890,476473
39.733139,-105.038985,3,2,7,1574,6250,1955,363708
39.738682,-105.051265,2,1,4,807,7500,1947,385771
39.732229,-105.043054,2,2,6,807,6280,1954,317369
39.725161,-104.996059,2,1,5,807,3125,1890,369563
39.725165,-104.99237,2,1,5,807,1575,1900,373007
39.734994,-105.019398,2,1,5,807,4011,1913,267321
39.729256,-105.00123,2,1,5,807,3750,1892,313027
39.727779,-105.044805,2,1,4,1319,6500,1952,361318
39.738904,-105.047191,1,1,4,808,3125,1921,306213
39.732803,-105.047145,2,1,5,808,6250,1895,298292
39.725299,-104.996062,2,1,5,808,3125,1899,369238
39.737619,-105.045524,2,2,5,808,6250,1941,455786
39.723198,-104.994863,3,1,6,808,3125,1886,315970
39.72602,-105.04036,3,1,6,1064,12900,1966,340038
39.726059,-105.043516,3,2,8,1064,5960,1964,340104
39.732013,-105.041326,3,1,6,1064,6270,1956,291142
39.737197,-105.038486,2,1,6,1064,4690,1900,408134
39.737068,-105.043666,2,2,5,1064,6250,1941,460843
39.723869,-105.042397,2,1,4,1320,8790,1926,331568
39.734706,-104.999759,4,1,8,1320,3750,1890,585986
39.738935,-105.044344,2,2,5,1320,6250,1928,481383
39.727878,-105.001229,2,1,4,1320,3750,1890,378493
39.738316,-105.038489,3,1,6,1576,4690,1890,314388
39.736373,-105.000567,3,2,8,1576,4995,1929,507058
39.743083,-105.04834,1,1,4,809,6100,1895,399531
39.738731,-105.037321,3,1,5,809,4170,1908,368930
39.73099,-105.036533,3,1,5,1065,6240,1953,287239
39.731569,-105.033619,4,1,7,1065,6250,1951,305594
39.732713,-105.0435,3,1,5,1065,6280,1953,302035
39.73184,-105.031827,3,2,5,1065,6250,1947,325911
39.72841,-105.02795,2,1,4,554,12500,1926,245619
39.727115,-105.041947,2,1,4,810,5630,1949,309194
39.73194,-105.04479,2,1,4,810,5420,1947,314119
39.723562,-105.043049,2,1,5,1066,7010,1940,281815
39.74246,-105.036667,2,2,5,1066,5210,1926,478984
39.732694,-105.039803,3,1,6,1066,6260,1921,321086
39.729548,-105.035431,2,2,4,1066,6020,1931,343759
39.734912,-104.999763,3,1,6,1066,3750,1890,360458
39.732374,-105.030687,3,1,8,1322,6250,1946,322372
39.722896,-104.997842,3,2,5,1322,2620,1890,467828
39.723266,-104.994864,1,2,5,1578,3125,1886,513264
39.723406,-104.989638,3,3,8,3370,9200,1885,807479
39.736038,-105.040117,1,1,3,555,4690,1925,382410
39.743488,-105.031882,2,2,4,811,6536,1952,492334
39.739146,-105.048348,2,2,5,811,6250,1939,443473
39.731396,-105.048372,2,2,4,811,7000,1947,346043
39.732737,-105.028985,2,1,6,811,4690,1905,284403
39.733247,-105.043676,2,2,4,1067,12500,1943,364798
39.73622,-104.9997,3,2,8,1323,3750,1895,476140
39.746113,-105.02718,7,6,17,4651,13250,1884,1354531
39.723807,-105.0359,2,1,4,556,5960,1929,224224
39.72882,-105.034224,1,1,4,812,4980,1910,281788
39.736429,-105.002453,2,1,5,812,3120,1890,343989
39.725091,-104.996058,2,1,5,812,3125,1891,354064
39.734153,-105.002462,2,1,4,812,3120,1890,342649
39.732494,-105.050715,2,1,4,812,9520,1948,304972
39.746794,-105.03609,3,3,5,1068,6350,1968,665201
39.735614,-105.038453,2,1,6,1068,7810,1890,431641
39.739757,-105.04083,2,2,5,1068,6250,1925,346117
39.726485,-104.997234,3,2,5,1324,3125,1906,368816
39.726772,-104.996037,3,2,7,1580,3912,1896,471232
39.746761,-105.031777,3,3,9,1836,2821,1997,572297
39.746763,-105.032835,3,4,9,1836,2600,1997,628400
39.746654,-105.03328,3,4,9,1836,2600,1996,628312
39.746983,-105.033582,3,4,9,1836,2600,1996,640003
39.7472,-105.031777,3,4,9,1836,2818,1997,622367
39.746541,-105.031776,3,3,9,1836,2832,1997,619654
39.726795,-104.994878,3,3,5,1836,3125,1893,543387
39.746654,-105.032088,3,4,9,1836,2600,1997,599303
39.746981,-105.031777,2,3,7,1836,2819,1997,618405
39.747093,-105.032089,3,3,9,1836,2600,1997,568775
39.746983,-105.032533,3,3,9,1836,2600,1997,633135
39.746873,-105.032089,3,4,9,1836,2600,1997,599513
39.74698,-105.034337,3,3,9,1836,2790,1996,628957
39.746541,-105.034337,3,4,9,1836,2776,1996,627079
39.746763,-105.033582,3,4,9,1836,2600,1996,627870
39.746873,-105.03328,3,4,9,1836,2600,1996,637937
39.746654,-105.033582,3,3,9,1836,2600,1996,560496
39.723674,-105.032149,1,1,4,557,6250,1921,246730
39.728498,-104.997255,2,1,5,813,3120,1879,405853
39.732525,-105.050193,3,1,6,1069,6050,1952,309614
39.724218,-105.034775,3,2,6,1069,6310,1922,341058
39.725276,-105.041317,3,2,7,1069,5850,1950,347611
39.725265,-105.045427,3,1,5,1069,6610,1954,315829
39.732246,-105.050194,3,1,5,1069,6050,1952,219419
39.731602,-105.002454,1,1,4,558,3130,1891,332490
39.737052,-105.002421,2,1,6,814,1570,1890,320442
39.733249,-105.027198,3,1,5,1070,4690,1930,275691
39.731399,-104.997911,6,2,9,1326,2620,1900,371466
39.739484,-105.044344,3,2,6,1582,6250,1926,519921
39.73599,-105.03606,1,1,4,559,6250,1895,269815
39.728681,-105.039189,1,1,3,559,5870,1919,250600
39.744848,-105.032226,2,1,4,815,5990,1952,470583
39.741338,-105.027203,3,1,5,1071,7200,1956,475437
39.722761,-105.050056,2,2,7,1071,6320,1954,352374
39.739539,-105.030793,3,1,6,1071,7250,1920,387002
39.7287,-105.04304,3,1,6,1071,6270,1949,331390
39.737207,-104.999737,2,2,7,1839,3750,1890,477685
39.732226,-105.046646,2,1,6,816,6250,1955,315848
39.732504,-105.046644,2,2,4,816,6000,1955,321246
39.723535,-105.033377,2,1,4,816,6250,1923,287858
39.730243,-105.036499,2,1,5,816,5870,1903,282314
39.731293,-105.026058,1,1,3,816,6250,1945,258555
39.732087,-105.046647,2,1,5,816,6250,1955,314236
39.737349,-105.049508,2,2,4,816,6250,1952,403721
39.72981,-105.000588,2,1,5,816,3750,1890,334534
39.737343,-105.043667,2,2,5,1072,6250,1941,426362
39.730963,-105.047015,2,3,6,1072,15600,1959,602840
39.72512,-105.045428,3,1,5,1328,6610,1954,346993
39.726742,-104.993694,3,2,6,1328,3125,1884,542773
39.72671,-104.994877,3,2,6,1584,4687,1998,485972
39.738932,-105.046023,1,1,3,561,6620,1922,286028
39.729788,-105.040875,1,1,3,561,6270,1947,265702
39.724747,-104.99552,2,1,4,817,3125,1906,366914
39.727804,-105.035433,2,1,6,817,6260,1922,307336
39.728757,-105.032864,4,2,7,1073,3140,1911,326212
39.724075,-105.0354,2,1,5,1073,5960,1922,310236
39.731875,-105.041325,3,1,6,1073,6270,1956,293614
39.729624,-105.051343,3,3,9,1329,7440,1960,395544
39.729098,-105.034885,3,1,7,1329,5860,1900,326978
39.736084,-105.001913,3,1,7,1329,3120,1890,438783
39.726985,-105.044229,3,2,5,818,9750,1922,322301
39.738808,-105.001184,1,1,4,818,3700,1890,358849
39.733697,-105.04015,2,1,5,818,6250,1925,271825
39.726067,-104.997082,2,1,4,818,1075,1900,301395
39.729881,-105.001934,1,1,6,1074,3130,1895,375697
39.741207,-105.035505,2,2,5,1074,6250,1922,508227
39.723432,-104.993693,3,1,5,1074,4687,1889,338988
39.739464,-105.038988,3,2,6,1330,7810,1935,500385
39.723406,-105.047749,3,1,5,1330,6500,1954,320038
39.726504,-104.996684,4,2,9,1586,2868,1890,504952
39.730094,-105.002573,2,1,5,819,1802,1884,304174
39.729081,-105.038061,2,1,5,819,6270,1885,300562
39.732636,-105.028986,2,1,4,819,4690,1948,288958
39.735268,-105.040129,1,1,3,819,3120,1892,360560
39.7286,-105.03745,2,1,8,1331,9410,1946,311685
39.728493,-105.031625,2,1,5,820,9410,1906,303306
39.723438,-105.05006,3,2,5,1076,6320,1953,344078
39.72952,-105.043041,2,1,4,1076,6270,1953,345678
39.746964,-105.028041,4,2,6,1076,7730,1953,589779
39.74441,-105.02876,3,2,6,1332,3560,1885,461892
39.72858,-105.001371,3,3,6,1588,2100,1896,460349
39.730918,-105.001217,3,4,7,2100,3750,1890,552655
39.724943,-104.992588,2,1,5,821,2362,1891,356424
39.7324,-105.039801,3,1,5,821,7820,1920,305418
39.731966,-105.030155,1,1,3,821,6250,1928,260158
39.723951,-105.033378,2,1,5,1077,6250,1922,309640
39.730873,-105.036533,3,1,5,1077,4680,1890,288640
39.729893,-105.026672,3,1,6,1077,6250,1924,321921
39.729954,-104.996743,1,1,5,1333,3120,1890,448839
39.723979,-104.994335,3,2,7,1333,3750,1886,505118
39.729903,-105.03762,3,2,6,1589,6270,1885,364423
39.732301,-105.043498,2,2,4,822,6280,1953,313494
39.733164,-105.042006,2,2,4,822,6250,1955,348635
39.728406,-105.039785,2,1,5,1078,6270,1921,323128
39.731967,-105.030683,2,2,6,1078,6250,1946,312630
39.731705,-105.03362,2,2,4,1078,6250,1947,331658
39.738605,-105.001882,3,2,6,1590,4690,1895,506790
39.72278,-104.99499,2,3,7,1590,1925,1900,542725
39.724348,-105.035401,1,2,3,823,5960,1926,303093
39.726801,-105.029806,2,2,4,823,13100,1949,314609
39.729472,-105.003234,2,1,5,823,3130,1884,323339
39.724677,-105.047756,2,2,7,823,6640,1954,356853
39.739888,-105.03665,2,1,5,1079,6250,1920,401570
39.7243,-104.995884,3,2,6,1079,1499,1911,386967
39.73023,-105.00323,2,1,5,1335,3130,1884,343391
39.737133,-105.001894,4,1,7,1335,3120,1887,457840
39.724099,-105.040822,3,1,7,1591,5860,1923,229750
39.737823,-105.043171,2,1,5,824,6250,1941,405456
39.723306,-105.045425,2,1,4,824,7500,1949,268052
39.728232,-105.034225,2,1,4,824,9890,1921,306918
39.726663,-105.040223,3,2,6,1080,6260,1957,357854
39.739811,-105.0425,4,2,7,1336,4688,2005,403688
39.691919,-105.052414,2,2,6,1336,6250,1951,360168
39.728014,-105.000591,2,2,8,1592,3750,1890,417372
39.724073,-105.042399,2,2,5,1081,8790,1926,331139
39.723228,-104.996705,2,2,5,1081,4687,1952,385189
39.724099,-105.044257,2,1,4,1081,6650,1946,284173
39.723627,-105.048267,3,2,6,1081,4713,2003,334226
39.739176,-105.051264,2,2,5,1081,7500,1947,430427
39.743094,-105.049509,2,2,5,1593,5750,1952,494549
39.729842,-105.042402,2,1,4,570,11000,1922,262260
39.725002,-105.041316,2,1,4,826,5850,1950,251055
39.725909,-105.043516,2,1,4,826,6680,1922,266798
39.7369,-105.03961,2,1,5,826,6250,1952,390092
39.725921,-105.03485,2,1,5,826,4420,1954,242817
39.736637,-105.001741,1,1,4,826,2020,1890,328031
39.737549,-105.052381,2,1,5,1082,7120,1947,396852
39.73622,-105.00121,3,2,6,1082,3750,1890,412769
39.738174,-105.050636,2,1,4,1082,6250,1946,404985
39.733284,-105.036637,2,2,5,1338,7500,1954,355438
39.74105,-105.02955,3,1,6,1594,6500,1910,531614
39.726825,-105.036508,2,1,5,827,5950,1928,303904
39.724102,-105.041316,2,1,5,827,5860,1953,332411
39.725334,-105.047758,3,2,5,1083,16500,1951,337051
39.723548,-105.04775,3,1,6,1083,6500,1953,275239
39.729487,-105.029508,2,2,5,1083,6250,1948,374980
39.72297,-104.99734,4,2,8,1595,6250,1890,532768
39.72976,-105.03244,5,4,11,3131,12500,1895,428516
39.726447,-105.03869,2,1,4,572,5960,1900,247884
39.72441,-105.04896,2,1,4,828,6750,1952,247099
39.734575,-105.032984,2,1,4,828,9370,1956,369428
39.733508,-105.00231,2,1,6,828,2250,1905,321647
39.724403,-105.047756,2,1,5,828,6640,1953,267835
39.723876,-104.997827,2,1,5,1340,3460,1880,435386
39.723517,-104.994334,3,2,7,1340,6250,1888,550250
39.72324,-104.99039,3,2,6,1340,5888,1924,573325
39.729625,-105.027192,4,1,6,1340,6250,1949,310892
39.726607,-105.045971,3,1,5,1596,14400,1895,368875
39.727952,-105.044806,2,1,4,573,9750,1925,252639
39.730171,-105.033593,2,1,5,829,6250,1927,308090
39.724737,-105.043049,2,2,5,829,6950,1951,333882
39.72467,-105.04657,2,1,4,829,6640,1953,247106
39.736796,-105.045525,2,2,5,1085,6250,1942,526225
39.729171,-104.994451,2,2,5,1085,2850,1907,445513
39.739074,-105.045521,2,2,5,1085,6250,1929,447424
39.738793,-105.038491,3,2,6,1341,6250,1923,455226
39.733058,-105.001214,2,2,6,1597,3750,1891,486833
39.724055,-105.031622,3,2,5,1597,9390,1920,359299
39.72508,-105.04705,2,2,5,830,6260,1953,338399
39.735723,-105.043143,2,1,5,830,4690,1905,387758
39.729072,-105.029658,2,1,4,830,5870,1928,287130
39.726673,-105.042394,3,1,6,830,6260,1927,325617
39.724374,-105.040824,2,2,4,830,5860,1951,336355
39.723416,-104.994334,2,1,5,830,3125,1890,362937
39.736016,-105.000568,2,2,5,1086,3750,1890,330742
39.723135,-105.039739,3,2,6,1342,5860,1943,316893
39.727809,-105.001229,2,2,4,1598,3750,1890,521833
39.72496,-104.99668,5,3,9,1854,4650,1886,604362
39.729274,-105.035883,3,1,5,831,6270,1925,299929
39.725398,-105.039165,3,1,5,831,5410,1943,249878
39.739623,-105.04552,2,2,5,1087,6250,1928,499608
39.724105,-105.041903,3,1,7,1087,5860,1923,259037
39.744541,-105.02803,3,2,6,1087,9360,1952,713779
39.730036,-105.03359,3,1,5,1087,6250,1948,332486
39.72339,-105.035898,1,1,3,576,5960,1927,232416
39.729263,-104.995453,1,1,4,576,1814,1886,265142
39.73633,-105.0436,2,1,4,576,6250,1923,490685
39.727192,-105.036969,2,1,4,832,5960,1931,302090
39.723804,-105.03757,2,1,4,832,5960,1940,263792
39.729071,-105.029836,2,1,4,832,5870,1948,283985
39.736175,-105.044191,4,1,7,1088,5320,1900,392913
39.732092,-105.049542,3,2,5,1088,6350,1953,342101
39.724351,-105.035904,4,2,7,1344,5960,1926,323464
39.723347,-104.993689,3,2,7,1344,3125,1892,477802
39.72354,-105.038071,2,2,8,1344,5960,1941,302019
39.72669,-104.994348,3,3,7,1600,4962,1889,579790
39.73556,-105.04312,4,1,6,833,7771,1922,393143
39.731643,-105.043494,2,4,5,1089,9420,1915,435153
39.731427,-105.026059,3,1,6,1089,6250,1944,285154
39.7243,-104.995674,2,2,5,1089,1863,1936,354910
39.746764,-105.03328,2,4,8,1345,2600,1996,596895
39.74676,-105.034337,3,3,8,1345,2789,1996,509519
39.747199,-105.034338,2,2,8,1345,2791,1996,489082
39.74676,-105.034026,2,3,8,1345,2600,1996,499387
39.725128,-105.034786,1,1,3,578,6250,1923,247785
39.729419,-104.996734,2,1,5,834,3120,1906,392927
39.72482,-105.04896,2,1,4,834,6750,1953,246890
39.724815,-105.047106,2,2,4,834,6260,1953,335786
39.739284,-105.037323,3,1,6,1090,4180,1910,361883
39.724357,-105.036994,3,2,9,1090,5960,1941,330258
39.729653,-105.042401,2,2,5,1090,6270,1955,365618
39.732121,-105.051357,3,1,6,1090,6350,1951,284220
39.741545,-105.044846,2,2,5,1090,6250,1948,485733
39.741205,-105.03848,3,2,6,1602,6250,1922,575126
39.726364,-104.996699,4,3,8,2626,3125,1890,730301
39.723301,-105.050059,2,1,4,835,6320,1954,266755
39.739469,-105.030204,3,1,5,835,7230,1952,299447
39.734771,-105.002467,2,1,4,835,3125,1890,330354
39.737479,-104.999738,2,1,5,835,3750,1885,346229
39.727668,-105.045976,2,1,5,835,7100,1953,309724
39.732016,-105.041966,2,2,4,835,6270,1922,317003
39.726686,-105.035418,2,1,4,835,5950,1900,285982
39.724723,-105.050621,2,2,7,1091,6490,1952,337005
39.722575,-105.044255,3,2,6,1347,6250,1946,346690
39.743573,-105.050087,2,2,5,1347,5450,1949,486308
39.737687,-105.044849,3,3,7,1603,6310,1941,538515
39.730292,-104.999247,2,1,4,580,1960,1890,282942
39.733452,-105.035461,3,1,5,836,6250,1955,256295
39.726074,-105.046527,3,1,5,836,5390,1954,239986
39.736222,-105.050128,2,2,4,836,6500,1955,458152
39.731604,-105.042408,3,2,5,836,6270,1957,332600
39.729787,-105.041958,3,1,5,836,6270,1954,314989
39.727515,-105.045976,3,1,5,836,6250,1954,338013
39.731327,-105.041963,3,1,5,836,6270,1954,297802
39.737814,-105.001901,2,1,3,836,3130,1890,349069
39.732074,-105.040245,3,2,6,836,6260,1955,327428
39.72733,-105.046525,3,1,5,836,6120,1954,313326
39.731798,-105.040243,3,2,7,836,6260,1955,329387
39.72679,-105.046526,3,2,5,836,7140,1954,353012
39.732292,-105.041967,3,2,5,836,6270,1955,363862
39.729925,-105.041958,3,1,5,836,6270,1955,367018
39.736231,-105.05066,2,1,5,836,6500,1955,393549
39.732295,-105.042411,3,1,5,836,6270,1954,314566
39.731661,-105.040241,2,2,8,836,6260,1955,329597
39.73609,-105.05066,3,1,5,836,6500,1955,392823
39.733314,-105.035463,3,1,5,836,6250,1955,217478
39.731301,-105.036982,3,1,5,836,6240,1954,266523
39.735949,-105.050661,3,2,5,836,6500,1955,433291
39.732621,-105.039161,3,1,6,836,6250,1955,351553
39.734575,-105.034249,3,1,5,836,10700,1954,358682
39.731163,-105.036982,3,1,5,836,6240,1954,321268
39.727378,-105.045975,3,1,5,836,6250,1954,317171
39.724177,-105.048968,2,2,6,836,7290,1930,318781
39.731524,-105.040241,3,1,5,836,6260,1955,306410
39.735945,-105.050131,2,2,5,836,6500,1955,394656
39.73119,-105.041962,3,1,6,836,6270,1955,316105
39.72813,-105.044806,2,2,4,836,7180,1956,375051
39.725923,-105.046527,3,1,5,836,5390,1954,242370
39.73384,-105.040824,3,1,5,836,6250,1955,334179
39.729236,-105.041323,3,1,5,836,5870,1955,288970
39.732154,-105.041966,3,1,5,836,6270,1955,297291
39.739349,-105.045521,2,2,6,1092,6250,1929,433849
39.738937,-105.045521,2,2,6,1092,6250,1929,452256
39.733188,-105.044337,5,2,8,1860,5480,1906,351575
39.740993,-105.044363,3,2,6,837,6250,1924,483556
39.723121,-105.034767,1,2,3,837,6380,1942,329036
39.730238,-104.996098,3,1,6,1093,3120,1901,399743
39.730723,-104.997931,3,2,6,1093,2620,1900,430088
39.73569,-105.03607,2,1,4,1093,9370,1903,405443
39.742578,-105.037843,3,2,6,1349,5000,1928,575228
39.736072,-105.041966,2,1,5,582,6250,1928,408453
39.722666,-105.045298,2,1,5,838,6190,1953,255843
39.732375,-105.034149,3,1,5,838,6250,1955,367341
39.732515,-105.034152,2,1,5,838,6250,1955,322855
39.723753,-105.048247,2,1,5,838,4003,2003,283792
39.725096,-104.997852,2,1,5,838,2625,1904,355717
39.724935,-105.048246,2,2,4,838,6640,1953,335543
39.734335,-105.03368,3,1,5,838,7350,1924,318211
39.729353,-104.996733,2,1,4,838,3160,1906,355204
39.723332,-104.994864,3,2,5,1094,3125,1886,467941
39.729618,-104.996091,3,1,5,1094,3120,1900,447880
39.734061,-105.034247,5,5,12,3142,7150,1924,588975
39.72486,-105.039751,2,1,4,583,5950,1924,221404
39.736851,-105.031924,2,1,4,839,6220,1953,364450
39.732515,-105.03016,2,2,4,839,6250,1924,291640
39.739491,-105.050633,2,2,5,839,6250,1946,404200
39.723583,-105.045426,2,1,5,839,6250,1951,285819
39.733112,-105.027197,2,2,4,1095,7810,1922,304552
39.729139,-105.035882,4,1,6,1095,6270,1927,314815
39.730456,-105.051791,3,2,5,1351,7500,1959,337289
39.728813,-105.034801,4,1,7,1351,4700,1904,337493
39.733097,-105.027854,4,4,8,2119,6250,1888,515855
39.7274,-105.03356,2,1,4,840,5500,1913,298174
39.728674,-105.001004,2,1,5,840,2500,1895,327585
39.729103,-105.042399,2,1,4,840,6270,1926,321492
39.733423,-105.001894,1,1,4,840,3120,1885,352121
39.7243,-105.05009,2,2,6,840,6900,1953,335189
39.724323,-105.051271,3,2,5,1096,7100,1953,349008
39.73796,-105.043171,2,2,6,1096,6250,1932,429876
39.738297,-105.03727,3,2,10,1352,4900,1922,463725
39.73865,-105.033761,4,2,8,2120,6250,1893,501188
39.74373,-105.04434,3,3,5,2888,12500,1951,861018
39.731832,-105.030154,2,1,5,841,6250,1924,292679
39.738301,-105.002431,2,1,6,1097,3140,1890,377259
39.738012,-105.035473,2,2,5,1097,5460,1928,487556
39.728412,-105.040869,2,2,5,1097,6270,1952,364646
39.738936,-105.044848,2,1,5,1097,6250,1930,473654
39.739062,-105.033762,2,2,5,1097,6250,1912,476090
39.734469,-105.027862,2,1,4,1097,6250,1949,344363
39.730169,-104.996097,2,1,5,1097,3120,1890,403551
39.74579,-105.029571,3,2,5,1609,3920,1891,498599
39.72928,-105.04479,4,1,8,1609,5960,1953,341216
39.735837,-105.019401,2,1,4,586,6250,1900,266768
39.729902,-105.034134,3,1,5,842,6250,1948,309388
39.724828,-105.044819,4,2,7,1098,6650,1946,332804
39.732376,-105.032467,4,2,6,1098,6250,1950,309637
39.731324,-105.001929,2,2,5,1354,3760,1890,390639
39.733065,-105.000568,3,1,5,1354,4650,1890,443908
39.722689,-105.021393,4,2,7,1354,6000,1920,317458
39.74452,-105.031133,4,2,7,1354,4030,1885,531134
39.731935,-105.001928,3,2,7,1610,3760,1890,485077
39.738243,-105.046024,3,2,7,1866,12100,1941,531037
39.722446,-105.048394,2,2,6,2122,9797,1957,359062
39.729472,-104.999772,2,1,5,843,3500,1890,324408
39.73727,-105.001895,2,0.5,5,843,3120,1886,356507
39.725382,-105.048221,2,2,4,843,9340,1953,267463
39.728453,-104.994366,2,1,5,844,3125,1889,357698
39.733874,-105.030144,2,1,5,844,7709,1936,315163
39.72634,-105.044802,3,2,6,844,6500,1951,326900
39.729175,-104.993868,2,1,5,1100,2350,1905,354823
39.727968,-105.040868,3,1,5,1100,5960,1949,318755
39.73948,-105.04484,2,2,5,1100,6250,1930,500987
39.738131,-105.035474,2,2,5,1100,5460,1928,456212
39.739073,-105.044848,2,1,5,1100,6250,1930,439348
39.737416,-105.047853,2,1,4,1100,6250,1953,394756
39.737337,-105.001895,4,3,8,1868,3120,1890,548793
39.745951,-105.030405,3,3,7,1868,4500,2011,620936
39.724825,-105.034414,3,2,7,1868,10600,1999,367327
39.723251,-105.035896,2,1,4,589,5960,1928,285056
39.727384,-105.040865,2,1,5,845,9400,1918,324174
39.727208,-105.042395,2,1,6,845,5875,1949,336525
39.727841,-105.043517,2,1,4,845,5960,1949,324312
39.742375,-105.037309,2,2,6,1101,4690,1925,520292
39.72439,-105.04657,3,1,6,1357,6900,1951,336484
39.742108,-105.051788,3,3,6,1357,9000,1951,589492
39.724371,-105.039747,1,1,4,590,5860,1925,224653
39.735508,-105.036108,2,1,4,846,9370,1940,399498
39.73615,-105.038943,3,1,5,846,9370,1955,563934
39.733301,-105.046052,2,1,4,846,6250,1951,278401
39.726923,-105.044803,2,2,6,846,9750,1951,363503
39.729764,-105.033588,3,1,6,846,6250,1948,307753
39.727912,-105.002485,2,1,5,846,6250,1888,316794
39.724537,-105.048248,2,2,8,1102,6640,1957,342054
39.726225,-104.996699,3,1,6,1102,3125,1901,440139
39.732387,-105.048993,3,3,5,1102,6350,1961,341180
39.731856,-105.001927,3,1,6,1358,3760,1885,362536
39.739838,-105.037325,2,2,6,1358,4690,1908,441034
39.74115,-105.03423,4,1,7,1358,5460,1918,527158
39.731566,-105.026672,4,2,6,1358,6250,1945,336880
39.737659,-105.036643,3,3,6,1614,4690,1890,479545
39.722987,-105.000611,3,2,9,2638,7700,1884,572824
39.724854,-105.034782,2,1,5,847,6250,1922,281067
39.725139,-105.041317,1,1,4,847,5850,1925,312187
39.723395,-105.032148,3,3,6,1103,6250,1900,307922
39.742107,-105.051257,4,3,8,1871,9000,1951,523386
39.744831,-105.028772,5,2,8,1871,7120,1891,626410
39.724858,-105.039165,3,1,6,848,5940,1942,260311
39.72997,-105.032968,2,1,4,848,6250,1948,303622
39.730856,-105.033597,3,1,5,848,6250,1948,303016
39.734222,-105.002462,2,1,5,848,3120,1890,357809
39.731292,-105.030675,2,1,5,1104,6250,1946,298450
39.73748,-105.043667,2,2,5,1104,6250,1941,521616
39.729794,-105.043042,4,1,6,1104,6270,1953,332392
39.729072,-105.032289,3,2,6,1360,3510,1909,328794
39.725008,-105.043049,3,3,8,1872,6950,1927,360599
39.732374,-105.029505,5,2,9,1872,6250,1923,348846
39.732884,-105.044827,4,2,7,2128,8320,1952,279103
39.737396,-105.038486,2,1,4,849,4370,1890,333907
39.7244,-105.048249,2,1,4,849,6640,1953,270984
39.734126,-105.027203,3,1,6,1105,12500,1896,334819
39.739355,-105.052378,3,1,6,1105,6250,1952,387325
39.72394,-105.03757,3,1,6,1105,5960,1940,269921
39.742273,-105.037309,2,1,6,1105,4690,1925,435145
39.730192,-105.039791,3,1,5,1105,6270,1953,357047
39.723813,-105.036988,2,1,4,1105,6020,1941,343015
39.727662,-105.045438,2,1,4,1105,7090,1953,352875
39.737814,-105.001198,3,1,8,1361,3750,1885,428974
39.732832,-105.039803,4,3,6,1361,6260,1953,395965
39.722356,-105.049418,3,3,8,1361,7480,1953,363665
39.742928,-105.043168,2,2,5,1617,7000,1956,509861
39.738234,-105.042496,4,2,7,2385,12500,1892,660463
39.741316,-105.031867,2,3,4,3665,9375,1927,715146
39.729868,-104.99674,2,1,5,594,4690,1888,337850
39.732243,-105.032992,3,1,5,850,6250,1948,316616
39.733777,-105.044338,3,2,7,850,5520,1955,342547
39.726373,-105.037597,3,1,5,850,5960,1941,288501
39.73364,-105.044338,3,1,5,850,5280,1955,361212
39.730612,-105.030143,2,1,5,850,9370,1900,280216
39.730813,-105.034914,2,1,4,850,6250,1949,289111
39.732111,-105.034149,3,1,5,850,6250,1956,310643
39.730718,-105.032972,3,1,6,850,6250,1948,291959
39.723076,-104.994334,2,2,5,1106,3125,1890,509816
39.737308,-105.038979,3,1,6,1106,6210,1953,299486
39.747285,-105.028724,3,2,6,1106,6250,1952,548470
39.728603,-105.03041,0,1,4,595,6260,1951,262310
39.732375,-105.031833,2,1,4,595,6250,1925,246629
39.727988,-105.034477,2,1,4,595,7160,1951,273873
39.729153,-105.031624,2,1,4,595,5620,1951,259585
39.743642,-105.044856,2,2,5,851,7540,1928,514331
39.726191,-105.042392,3,2,5,851,6260,1925,309491
39.727502,-105.03697,3,1,5,851,9060,1922,354967
39.739974,-105.036156,3,2,5,1363,4690,1923,482587
39.726436,-105.032865,5,2,8,2131,6250,1912,371943
39.734363,-104.99907,6,3,11,3923,4312,1886,1044367
39.729764,-105.034132,3,1,5,852,6250,1948,309076
39.733511,-105.031823,2,1,4,852,6250,1906,299579
39.736293,-105.002451,2,1,5,852,3120,1890,343850
39.742548,-105.032742,2,1,5,852,9750,1952,562928
39.730189,-105.039193,2,1,5,852,5870,1951,289490
39.723567,-105.043615,2,1,4,852,7010,1947,279175
39.72325,-105.035396,2,1,4,852,5960,1949,298255
39.731707,-105.035904,3,1,5,852,5840,1949,286271
39.726229,-105.036976,3,1,6,1108,4460,1925,304968
39.723535,-105.032148,3,1,6,1108,6250,1900,307611
39.722694,-105.048265,2,1,4,1108,7920,1953,279408
39.736434,-105.040113,2,1,6,1108,9370,1942,510777
39.723842,-105.050611,3,2,5,1364,8100,1952,337348
39.723697,-105.042396,3,1,6,1364,5860,1926,304679
39.743528,-105.043168,4,3,7,2132,10300,1957,723711
39.746631,-105.029527,2,2,9,3412,6250,1895,810752
39.730303,-104.997302,2,1,5,853,2060,1905,351477
39.727105,-105.040224,2,2,5,853,9400,1922,333379
39.731882,-105.047191,2,2,6,853,6250,1955,317711
39.725005,-104.99122,2,2,5,1109,7000,1886,469130
39.724245,-105.04426,3,1,6,1109,6650,1946,285162
39.737488,-105.051765,3,1,5,1109,6250,1947,394933
39.738865,-105.043672,2,2,5,1109,5000,1930,506860
39.731563,-105.048995,3,2,5,1109,6350,1964,348693
39.731838,-105.048996,3,2,5,1109,6350,1964,374406
39.742916,-105.046008,2,2,6,1621,9690,1957,563565
39.738045,-105.042495,3,2,7,1621,4690,1910,479459
39.72782,-105.038688,2,1,4,598,5960,1949,259276
39.731563,-105.030679,2,1,4,854,6250,1946,276257
39.724864,-105.040845,1,1,4,854,5850,1923,272527
39.726826,-105.036978,3,1,5,1110,5950,1921,339551
39.72329,-105.043613,3,1,5,1110,7000,1952,279422
39.724391,-105.043619,3,1,5,1110,7010,1946,298116
39.72267,-104.99499,2,1,6,1110,2000,1900,367513
39.723297,-104.992359,3,2,6,1366,2380,1902,464507
39.72327,-104.997233,2,1,5,855,6240,1896,395908
39.738311,-105.050138,2,1,5,855,6250,1939,451107
39.734979,-105.019575,2,1,5,855,4590,1910,263998
39.735914,-105.044191,2,1,5,855,5325,1895,455046
39.734607,-105.029517,3,2,6,1111,6250,1949,348740
39.73424,-105.05004,3,2,6,1111,7520,1951,387056
39.732826,-105.000577,3,1,5,1367,7500,1890,403744
39.728738,-105.030412,3,2,7,2135,6270,1922,366081
39.727597,-105.042395,1,1,4,600,5880,1949,264926
39.728683,-105.039786,2,1,4,600,6270,1949,271719
39.727978,-105.04301,2,2,4,600,5960,1949,322688
39.73003,-105.035441,2,1,4,600,6270,1949,286950
39.728189,-105.03041,2,1,4,600,6260,1951,261358
39.730852,-105.027207,2,1,4,600,6250,1949,253840
39.727236,-105.041948,2,1,4,600,5280,1949,265492
39.72668,-105.044229,2,1,4,600,6500,1949,306235
39.730329,-105.039792,2,1,4,600,6270,1949,272681
39.727292,-105.043517,2,1,4,600,5960,1949,288800
39.727838,-105.04301,2,1,4,600,5960,1949,277574
39.727853,-105.042396,2,1,4,600,5880,1949,271534
39.737065,-105.002597,2,1,4,600,2040,1890,333285
39.726316,-105.042393,2,1,4,600,5220,1949,249184
39.726815,-105.044229,1,1,4,600,6500,1949,292932
39.726991,-105.041948,2,1,4,600,5630,1949,253987
39.731426,-105.02667,1,1,4,600,6250,1927,251666
39.737051,-105.002249,1,1,4,600,1690,1890,304334
39.727567,-105.04423,2,1,4,600,6500,1949,313471
39.728095,-105.038689,2,1,4,600,5860,1949,298079
39.729775,-105.03979,2,1,4,600,6270,1949,282945
39.728535,-105.036497,2,2,6,600,5740,1925,347088
39.728122,-105.043517,2,1,4,600,5960,1949,278359
39.72729,-105.043008,2,1,4,600,5960,1949,274511
39.726419,-105.039775,1,1,3,600,5630,1949,255585
39.733785,-105.031825,2,1,4,856,6250,1900,317388
39.723414,-105.041313,4,2,8,1112,5860,1927,309948
39.730883,-105.036982,2,2,5,1112,6990,1900,273740
39.738847,-105.034254,3,2,6,1112,5470,1922,455500
39.745437,-105.027926,2,1,4,1112,9370,1952,709012
39.733512,-105.033675,2,1,5,1368,7350,1951,341233
39.72436,-105.00101,4,1,9,1368,3800,1900,385488
39.722796,-104.996612,3,3,7,1368,2531,1986,577079
39.72794,-105.00059,3,3,7,1624,3750,1890,531380
39.732112,-105.032992,3,1,5,857,6250,1948,310273
39.723831,-105.041315,2,2,5,857,5860,1924,306029
39.730269,-105.049484,3,3,5,1113,8100,1960,359878
39.728768,-105.044268,2,1,5,1113,6500,1900,364986
39.729789,-105.050637,3,2,5,1113,9000,1959,326517
39.744692,-105.029545,2,1,5,1113,7120,1952,564893
39.72767,-104.997244,3,2,6,1113,3120,1900,412047
39.743587,-105.037302,3,4,7,2393,7810,1942,1004689
39.727563,-104.997791,2,1,5,858,1750,1886,330206
39.726945,-105.042403,2,2,5,858,5860,1954,345083
39.73587,-104.9997,2,1,5,858,3750,1898,364181
39.729491,-105.034131,3,1,5,858,6250,1948,309170
39.730994,-105.033599,3,1,5,858,6250,1948,305271
39.726315,-105.043006,2,1,6,858,4470,1954,297385
39.730526,-105.047162,3,3,6,1114,8560,1960,366151
39.730412,-105.047841,3,2,5,1114,7500,1960,329529
39.729866,-105.047156,4,2,6,1114,8400,1960,369161
39.73091,-105.04782,3,2,7,1114,6000,1960,361217
39.730195,-105.047157,2,2,4,1114,8400,1960,380429
39.723281,-104.99369,1,2,6,1370,3125,1890,515072
39.737699,-105.038488,3,2,6,1370,4690,1890,429205
39.72671,-104.99554,3,3,8,1626,4162,1890,551691
